{
	"credit": "Created with Blockbench [Exported as resourcepack with the \"resourcepack_packager\" plugin]",
	"textures": {
		"0": "item/carved_pumpkin/anvil",
		"1": "crunch:equipment/armour/helmets/anvil",
		"particle": "crunch:equipment/armour/helmets/anvil"
	},
	"elements": [
		{
			"from": [7.25, 0.25, -9],
			"to": [16.75, 9.5, 14],
			"faces": {
				"north": {"uv": [0, 0, 8.5, 8.25], "texture": "#0"},
				"east": {"uv": [0, 0, 16, 8.25], "texture": "#0"},
				"south": {"uv": [0, 0, 8.5, 8.25], "texture": "#0"},
				"west": {"uv": [0, 0, 16, 8.25], "texture": "#0"},
				"up": {"uv": [0, 0, 8.5, 16], "texture": "#0"},
				"down": {"uv": [0, 0, 8.5, 16], "texture": "#0"}
			}
		},
		{
			"from": [6.75, -0.25, 13.75],
			"to": [17.25, 10.25, 29.75],
			"faces": {
				"north": {"uv": [0, 0, 9.5, 9.5], "texture": "#0"},
				"east": {"uv": [0, 0, 16, 9.5], "texture": "#0"},
				"south": {"uv": [0, 0, 9.5, 9.5], "texture": "#0"},
				"west": {"uv": [0, 0, 16, 9.5], "texture": "#0"},
				"up": {"uv": [0, 0, 9.5, 16], "texture": "#0"},
				"down": {"uv": [0, 0, 9.5, 16], "texture": "#0"}
			}
		},
		{
			"from": [6.25, -0.5, -10],
			"to": [17.75, 10.5, -7],
			"faces": {
				"north": {"uv": [0, 0, 10.5, 10], "texture": "#0"},
				"east": {"uv": [0, 0, 3, 10], "texture": "#0"},
				"south": {"uv": [0, 0, 10.5, 10], "texture": "#0"},
				"west": {"uv": [0, 0, 3, 10], "texture": "#0"},
				"up": {"uv": [0, 0, 10.5, 3], "texture": "#0"},
				"down": {"uv": [0, 0, 10.5, 3], "texture": "#0"}
			}
		},
		{
			"from": [8.25, 1.25, 29],
			"to": [16, 8.75, 32],
			"faces": {
				"north": {"uv": [0, 0, 6.75, 6.5], "texture": "#0"},
				"east": {"uv": [0, 0, 3, 6.5], "texture": "#0"},
				"south": {"uv": [0, 0, 6.75, 6.5], "texture": "#0"},
				"west": {"uv": [0, 0, 3, 6.5], "texture": "#0"},
				"up": {"uv": [0, 0, 6.75, 3], "texture": "#0"},
				"down": {"uv": [0, 0, 6.75, 3], "texture": "#0"}
			}
		},
		{
			"from": [7.25, 0.25, 28],
			"to": [16.75, 9.75, 31],
			"faces": {
				"north": {"uv": [0, 0, 8.5, 8.5], "texture": "#0"},
				"east": {"uv": [0, 0, 3, 8.5], "texture": "#0"},
				"south": {"uv": [0, 0, 8.5, 8.5], "texture": "#0"},
				"west": {"uv": [0, 0, 3, 8.5], "texture": "#0"},
				"up": {"uv": [0, 0, 8.5, 3], "texture": "#0"},
				"down": {"uv": [0, 0, 8.5, 3], "texture": "#0"}
			}
		},
		{
			"from": [7.25, 0.25, -9],
			"to": [16.75, 9.5, 14],
			"faces": {
				"north": {"uv": [0, 5.875, 1, 6.875], "texture": "#1"},
				"east": {"uv": [4.875, 0, 7.875, 1], "texture": "#1"},
				"south": {"uv": [1, 5.875, 2, 6.875], "texture": "#1"},
				"west": {"uv": [4.875, 1, 7.875, 2], "texture": "#1"},
				"up": {"uv": [4.875, 7.875, 3.875, 4.875], "texture": "#1"},
				"down": {"uv": [0.125, 0.625, 1.875, 3.625], "texture": "#1"}
			}
		},
		{
			"from": [6.75, -0.25, 13.75],
			"to": [17.25, 10.25, 29.75],
			"faces": {
				"north": {"uv": [2, 4, 9.125, 11.125], "texture": "#1"},
				"east": {"uv": [0, 4, 8, 10], "texture": "#1"},
				"south": {"uv": [1.125, 4, 6.25, 13.125], "texture": "#1"},
				"west": {"uv": [0.5, 1.5, 9, 11.6875], "texture": "#1"},
				"up": {"uv": [12.125, 11, 2, 2], "texture": "#1"},
				"down": {"uv": [11.75, 2, 2.625, 14], "texture": "#1"}
			}
		},
		{
			"from": [6.25, -0.5, -10],
			"to": [17.75, 10.5, -7],
			"faces": {
				"north": {"uv": [0.375, 0.75, 1.625, 2], "texture": "#1"},
				"east": {"uv": [0, 0.75, 0.375, 2], "texture": "#1"},
				"south": {"uv": [2, 0.75, 3.25, 2], "texture": "#1"},
				"west": {"uv": [1.625, 0.75, 2, 2], "texture": "#1"},
				"up": {"uv": [1.625, 0.75, 0.375, 0.375], "texture": "#1"},
				"down": {"uv": [2.875, 0.375, 1.625, 0.75], "texture": "#1"}
			}
		},
		{
			"from": [8.25, 1.25, 29],
			"to": [16, 8.75, 32],
			"faces": {
				"north": {"uv": [0.375, 0.75, 1.125, 1.5], "texture": "#1"},
				"east": {"uv": [0, 0.75, 0.375, 1.5], "texture": "#1"},
				"south": {"uv": [1.5, 0.75, 2.25, 1.5], "texture": "#1"},
				"west": {"uv": [1.125, 0.75, 1.5, 1.5625], "texture": "#1"},
				"up": {"uv": [1.125, 0.75, 0.375, 0.375], "texture": "#1"},
				"down": {"uv": [1.875, 0.375, 1.125, 0.75], "texture": "#1"}
			}
		},
		{
			"from": [7.25, 0.25, 28],
			"to": [16.75, 9.75, 31],
			"faces": {
				"north": {"uv": [0.375, 0.75, 1.375, 1.75], "texture": "#1"},
				"east": {"uv": [0, 0.75, 0.375, 1.75], "texture": "#1"},
				"south": {"uv": [1.75, 0.75, 2.75, 1.75], "texture": "#1"},
				"west": {"uv": [1.375, 0.75, 1.75, 1.8125], "texture": "#1"},
				"up": {"uv": [1.375, 0.75, 0.375, 0.375], "texture": "#1"},
				"down": {"uv": [2.375, 0.375, 1.375, 0.75], "texture": "#1"}
			}
		},
		{
			"from": [7.25, 0.25, -9],
			"to": [16.75, 9.5, 14],
			"faces": {
				"north": {"uv": [2.875, 3, 9.875, 10], "texture": "#1"},
				"east": {"uv": [0, 3, 8.875, 9], "texture": "#1"},
				"south": {"uv": [2.75, 3, 7.75, 12], "texture": "#1"},
				"west": {"uv": [1.125, 2.96875, 9, 12], "texture": "#1"},
				"up": {"uv": [12.875, 10, 2.875, 0.125], "texture": "#1"},
				"down": {"uv": [12.875, 0.125, 3.875, 13], "texture": "#1"}
			}
		},
		{
			"from": [6.75, -0.25, 13.75],
			"to": [17.25, 10.25, 29.75],
			"faces": {
				"north": {"uv": [2, 2.125, 3.125, 3.25], "texture": "#1"},
				"east": {"uv": [0, 2.125, 2, 3.25], "texture": "#1"},
				"south": {"uv": [5.125, 2.125, 6.25, 3.25], "texture": "#1"},
				"west": {"uv": [2, 2.125, 4, 3.3125], "texture": "#1"},
				"up": {"uv": [3.125, 2.125, 2, 0.125], "texture": "#1"},
				"down": {"uv": [4.25, 0.125, 3.125, 2.125], "texture": "#1"}
			}
		},
		{
			"from": [6.25, -0.5, -10],
			"to": [17.75, 10.5, -7],
			"faces": {
				"north": {"uv": [0.375, 0.75, 1.625, 2], "texture": "#1"},
				"east": {"uv": [0, 0.75, 0.375, 2], "texture": "#1"},
				"south": {"uv": [2, 0.75, 3.25, 2], "texture": "#1"},
				"west": {"uv": [1.625, 0.75, 2, 2], "texture": "#1"},
				"up": {"uv": [1.625, 0.75, 0.375, 0.375], "texture": "#1"},
				"down": {"uv": [2.875, 0.375, 1.625, 0.75], "texture": "#1"}
			}
		},
		{
			"from": [8.25, 1.25, 29],
			"to": [16, 8.75, 32],
			"faces": {
				"north": {"uv": [0.375, 0.75, 1.125, 1.5], "texture": "#1"},
				"east": {"uv": [0, 0.75, 0.375, 1.5], "texture": "#1"},
				"south": {"uv": [1.5, 0.75, 2.25, 1.5], "texture": "#1"},
				"west": {"uv": [1.125, 0.75, 1.5, 1.5625], "texture": "#1"},
				"up": {"uv": [1.125, 0.75, 0.375, 0.375], "texture": "#1"},
				"down": {"uv": [1.875, 0.375, 1.125, 0.75], "texture": "#1"}
			}
		},
		{
			"from": [7.25, 0.25, 28],
			"to": [16.75, 9.75, 31],
			"faces": {
				"north": {"uv": [0.375, 0.75, 1.375, 1.75], "texture": "#1"},
				"east": {"uv": [0, 0.75, 0.375, 1.75], "texture": "#1"},
				"south": {"uv": [1.75, 0.75, 2.75, 1.75], "texture": "#1"},
				"west": {"uv": [1.375, 0.75, 1.75, 1.8125], "texture": "#1"},
				"up": {"uv": [1.375, 0.75, 0.375, 0.375], "texture": "#1"},
				"down": {"uv": [2.375, 0.375, 1.375, 0.75], "texture": "#1"}
			}
		}
	],
	"display": {
		"gui": {
			"rotation": [50, -49, 5],
			"translation": [-1.5, 3.25, 0],
			"scale": [0.5, 0.5, 0.5]
		},
		"head": {
			"translation": [-8, 6.25, -25.75],
			"scale": [2, 2, 2]
		},
		"fixed": {
			"rotation": [0, 88, 0],
			"translation": [-1, 0, 1.25],
			"scale": [0.5, 0.5, 0.5]
		}
	},
	"groups": [
		0,
		1,
		2,
		3,
		4,
		{
			"name": "cannon",
			"origin": [8, 8, 8],
			"color": 0,
			"children": [
				5,
				6,
				7,
				8,
				9,
				{
					"name": "cannon",
					"origin": [8, 8, 8],
					"color": 0,
					"children": [10, 11, 12, 13, 14]
				}
			]
		}
	]
}