{
	"credit": "Made with Blockbench",
	"parent": "cannon",
	"textures": {
		"0": "torrent:weapons/oak_planks",
		"2": "torrent:weapons/birch_planks",
		"3": "torrent:weapons/iron_block",
		"4": "torrent:weapons/spruce_planks",
		"particle": "torrent:weapons/oak_planks"
	},
	"elements": [
		{
			"from": [-3, 0, 0],
			"to": [-1, 2, 16],
			"faces": {
				"north": {"uv": [4, 0, 6, 2], "texture": "#0"},
				"east": {"uv": [0, 0, 16, 2], "texture": "#0"},
				"south": {"uv": [4, 0, 6, 2], "texture": "#0"},
				"west": {"uv": [0, 0, 16, 2], "texture": "#0"},
				"up": {"uv": [4, 0, 6, 16], "texture": "#0"},
				"down": {"uv": [4, 0, 6, 16], "texture": "#0"}
			}
		},
		{
			"from": [17, 0, 0],
			"to": [19, 2, 16],
			"rotation": {"angle": 0, "axis": "y", "origin": [16, 0, 0]},
			"faces": {
				"north": {"uv": [6, 0, 4, 2], "texture": "#0"},
				"east": {"uv": [16, 0, 0, 2], "texture": "#0"},
				"south": {"uv": [6, 0, 4, 2], "texture": "#0"},
				"west": {"uv": [16, 0, 0, 2], "texture": "#0"},
				"up": {"uv": [6, 0, 4, 16], "texture": "#0"},
				"down": {"uv": [6, 0, 4, 16], "texture": "#0"}
			}
		},
		{
			"from": [-3, 2, 0],
			"to": [-1, 14, 2],
			"faces": {
				"north": {"uv": [4, 0, 2, 12], "texture": "#0"},
				"east": {"uv": [4, 0, 2, 12], "texture": "#0"},
				"south": {"uv": [4, 0, 2, 12], "texture": "#0"},
				"west": {"uv": [4, 0, 2, 12], "texture": "#0"},
				"up": {"uv": [4, 0, 2, 2], "texture": "#0"},
				"down": {"uv": [4, 0, 2, 2], "texture": "#0"}
			}
		},
		{
			"from": [17, 2, 0],
			"to": [19, 14, 2],
			"rotation": {"angle": 0, "axis": "y", "origin": [16, 0, 0]},
			"faces": {
				"north": {"uv": [2, 0, 4, 12], "texture": "#0"},
				"east": {"uv": [2, 0, 4, 12], "texture": "#0"},
				"south": {"uv": [2, 0, 4, 12], "texture": "#0"},
				"west": {"uv": [2, 0, 4, 12], "texture": "#0"},
				"up": {"uv": [2, 0, 4, 2], "texture": "#0"},
				"down": {"uv": [2, 0, 4, 2], "texture": "#0"}
			}
		},
		{
			"from": [-3, 2, 14],
			"to": [-1, 14, 16],
			"faces": {
				"north": {"uv": [4, 0, 6, 12], "texture": "#0"},
				"east": {"uv": [4, 0, 6, 12], "texture": "#0"},
				"south": {"uv": [4, 0, 6, 12], "texture": "#0"},
				"west": {"uv": [4, 0, 6, 12], "texture": "#0"},
				"up": {"uv": [4, 0, 6, 2], "texture": "#0"},
				"down": {"uv": [4, 0, 6, 2], "texture": "#0"}
			}
		},
		{
			"from": [17, 2, 14],
			"to": [19, 14, 16],
			"rotation": {"angle": 0, "axis": "y", "origin": [16, 0, 0]},
			"faces": {
				"north": {"uv": [6, 0, 4, 12], "texture": "#0"},
				"east": {"uv": [6, 0, 4, 12], "texture": "#0"},
				"south": {"uv": [6, 0, 4, 12], "texture": "#0"},
				"west": {"uv": [6, 0, 4, 12], "texture": "#0"},
				"up": {"uv": [6, 0, 4, 2], "texture": "#0"},
				"down": {"uv": [6, 0, 4, 2], "texture": "#0"}
			}
		},
		{
			"from": [-3, 14, 0],
			"to": [-1, 16, 16],
			"faces": {
				"north": {"uv": [4, 0, 6, 2], "texture": "#0"},
				"east": {"uv": [0, 0, 16, 2], "texture": "#0"},
				"south": {"uv": [4, 0, 6, 2], "texture": "#0"},
				"west": {"uv": [0, 0, 16, 2], "texture": "#0"},
				"up": {"uv": [4, 0, 6, 16], "texture": "#0"},
				"down": {"uv": [4, 0, 6, 16], "texture": "#0"}
			}
		},
		{
			"from": [17, 14, 0],
			"to": [19, 16, 16],
			"rotation": {"angle": 0, "axis": "y", "origin": [16, 0, 0]},
			"faces": {
				"north": {"uv": [6, 0, 4, 2], "texture": "#0"},
				"east": {"uv": [16, 0, 0, 2], "texture": "#0"},
				"south": {"uv": [6, 0, 4, 2], "texture": "#0"},
				"west": {"uv": [16, 0, 0, 2], "texture": "#0"},
				"up": {"uv": [6, 0, 4, 16], "texture": "#0"},
				"down": {"uv": [6, 0, 4, 16], "texture": "#0"}
			}
		},
		{
			"from": [-3, 6, 6],
			"to": [-1, 10, 10],
			"faces": {
				"north": {"uv": [4, 0, 2, 4], "texture": "#0"},
				"east": {"uv": [8, 0, 4, 4], "texture": "#0"},
				"south": {"uv": [4, 0, 2, 4], "texture": "#0"},
				"west": {"uv": [8, 0, 4, 4], "texture": "#0"},
				"up": {"uv": [4, 0, 2, 4], "texture": "#0"},
				"down": {"uv": [4, 0, 2, 4], "texture": "#0"}
			}
		},
		{
			"from": [17, 6, 6],
			"to": [19, 10, 10],
			"rotation": {"angle": 0, "axis": "y", "origin": [16, 0, 0]},
			"faces": {
				"north": {"uv": [2, 0, 4, 4], "texture": "#0"},
				"east": {"uv": [4, 0, 8, 4], "texture": "#0"},
				"south": {"uv": [2, 0, 4, 4], "texture": "#0"},
				"west": {"uv": [4, 0, 8, 4], "texture": "#0"},
				"up": {"uv": [2, 0, 4, 4], "texture": "#0"},
				"down": {"uv": [2, 0, 4, 4], "texture": "#0"}
			}
		},
		{
			"from": [-2, 10.8, -9],
			"to": [-1, 11.8, 9],
			"rotation": {"angle": 45, "axis": "x", "origin": [0, 0, 0]},
			"faces": {
				"north": {"uv": [2, 0, 1, 1], "texture": "#2"},
				"east": {"uv": [16, 0, 0, 1], "texture": "#2"},
				"south": {"uv": [2, 0, 1, 1], "texture": "#2"},
				"west": {"uv": [16, 0, 0, 1], "texture": "#2"},
				"up": {"uv": [2, 0, 1, 16], "texture": "#2"},
				"down": {"uv": [2, 0, 1, 16], "texture": "#2"}
			}
		},
		{
			"from": [17, 10.8, -9],
			"to": [18, 11.8, 9],
			"rotation": {"angle": 45, "axis": "x", "origin": [16, 0, 0]},
			"faces": {
				"north": {"uv": [1, 0, 2, 1], "texture": "#2"},
				"east": {"uv": [0, 0, 16, 1], "texture": "#2"},
				"south": {"uv": [1, 0, 2, 1], "texture": "#2"},
				"west": {"uv": [0, 0, 16, 1], "texture": "#2"},
				"up": {"uv": [1, 0, 2, 16], "texture": "#2"},
				"down": {"uv": [1, 0, 2, 16], "texture": "#2"}
			}
		},
		{
			"from": [-2, -0.5, 2],
			"to": [-1, 0.5, 20],
			"rotation": {"angle": -45, "axis": "x", "origin": [0, 0, 0]},
			"faces": {
				"north": {"uv": [2, 0, 1, 1], "texture": "#2"},
				"east": {"uv": [16, 0, 0, 1], "texture": "#2"},
				"south": {"uv": [2, 0, 1, 1], "texture": "#2"},
				"west": {"uv": [16, 0, 0, 1], "texture": "#2"},
				"up": {"uv": [2, 0, 1, 16], "texture": "#2"},
				"down": {"uv": [2, 0, 1, 16], "texture": "#2"}
			}
		},
		{
			"from": [17, -0.5, 2],
			"to": [18, 0.5, 20],
			"rotation": {"angle": -45, "axis": "x", "origin": [16, 0, 0]},
			"faces": {
				"north": {"uv": [1, 0, 2, 1], "texture": "#2"},
				"east": {"uv": [0, 0, 16, 1], "texture": "#2"},
				"south": {"uv": [1, 0, 2, 1], "texture": "#2"},
				"west": {"uv": [0, 0, 16, 1], "texture": "#2"},
				"up": {"uv": [1, 0, 2, 16], "texture": "#2"},
				"down": {"uv": [1, 0, 2, 16], "texture": "#2"}
			}
		},
		{
			"from": [-2, 2, 7],
			"to": [-1, 14, 9],
			"faces": {
				"north": {"uv": [2, 0, 1, 12], "texture": "#2"},
				"east": {"uv": [4, 0, 2, 12], "texture": "#2"},
				"south": {"uv": [2, 0, 1, 12], "texture": "#2"},
				"west": {"uv": [4, 0, 2, 12], "texture": "#2"},
				"up": {"uv": [2, 0, 1, 2], "texture": "#2"},
				"down": {"uv": [2, 0, 1, 2], "texture": "#2"}
			}
		},
		{
			"from": [17, 2, 7],
			"to": [18, 14, 9],
			"rotation": {"angle": 0, "axis": "y", "origin": [16, 0, 0]},
			"faces": {
				"north": {"uv": [1, 0, 2, 12], "texture": "#2"},
				"east": {"uv": [2, 0, 4, 12], "texture": "#2"},
				"south": {"uv": [1, 0, 2, 12], "texture": "#2"},
				"west": {"uv": [2, 0, 4, 12], "texture": "#2"},
				"up": {"uv": [1, 0, 2, 2], "texture": "#2"},
				"down": {"uv": [1, 0, 2, 2], "texture": "#2"}
			}
		},
		{
			"from": [-2, 7, 2],
			"to": [-1, 9, 14],
			"faces": {
				"north": {"uv": [2, 0, 1, 2], "texture": "#2"},
				"east": {"uv": [16, 0, 4, 2], "texture": "#2"},
				"south": {"uv": [2, 0, 1, 2], "texture": "#2"},
				"west": {"uv": [16, 0, 4, 2], "texture": "#2"},
				"up": {"uv": [2, 0, 1, 12], "texture": "#2"},
				"down": {"uv": [2, 0, 1, 12], "texture": "#2"}
			}
		},
		{
			"from": [17, 7, 2],
			"to": [18, 9, 14],
			"rotation": {"angle": 0, "axis": "y", "origin": [16, 0, 0]},
			"faces": {
				"north": {"uv": [1, 0, 2, 2], "texture": "#2"},
				"east": {"uv": [4, 0, 16, 2], "texture": "#2"},
				"south": {"uv": [1, 0, 2, 2], "texture": "#2"},
				"west": {"uv": [4, 0, 16, 2], "texture": "#2"},
				"up": {"uv": [1, 0, 2, 12], "texture": "#2"},
				"down": {"uv": [1, 0, 2, 12], "texture": "#2"}
			}
		},
		{
			"from": [-4, 7, 7],
			"to": [20, 9, 9],
			"faces": {
				"north": {"uv": [0, 0, 16, 2], "texture": "#3"},
				"east": {"uv": [0, 0, 2, 2], "texture": "#3"},
				"south": {"uv": [0, 0, 16, 2], "texture": "#3"},
				"west": {"uv": [0, 0, 2, 2], "texture": "#3"},
				"up": {"uv": [0, 0, 16, 2], "texture": "#3"},
				"down": {"uv": [0, 0, 16, 2], "texture": "#3"}
			}
		},
		{
			"from": [2, 9, 2],
			"to": [14, 11, 14],
			"faces": {
				"north": {"uv": [0, 0, 12, 2], "texture": "#4"},
				"east": {"uv": [0, 0, 12, 2], "texture": "#4"},
				"south": {"uv": [0, 0, 12, 2], "texture": "#4"},
				"west": {"uv": [0, 0, 12, 2], "texture": "#4"},
				"up": {"uv": [0, 0, 12, 12], "texture": "#4"},
				"down": {"uv": [0, 0, 12, 12], "texture": "#4"}
			}
		},
		{
			"from": [2, 11, 3],
			"to": [4, 14, 13],
			"faces": {
				"north": {"uv": [0, 0, 2, 3], "texture": "#4"},
				"east": {"uv": [0, 0, 10, 3], "texture": "#4"},
				"south": {"uv": [0, 0, 2, 3], "texture": "#4"},
				"west": {"uv": [0, 0, 10, 3], "texture": "#4"},
				"up": {"uv": [0, 0, 2, 10], "texture": "#4"},
				"down": {"uv": [0, 0, 2, 10], "texture": "#4"}
			}
		},
		{
			"from": [12, 11, 3],
			"to": [14, 14, 13],
			"rotation": {"angle": 0, "axis": "x", "origin": [16, 0, 0]},
			"faces": {
				"north": {"uv": [2, 0, 0, 3], "texture": "#4"},
				"east": {"uv": [10, 0, 0, 3], "texture": "#4"},
				"south": {"uv": [2, 0, 0, 3], "texture": "#4"},
				"west": {"uv": [10, 0, 0, 3], "texture": "#4"},
				"up": {"uv": [2, 0, 0, 10], "texture": "#4"},
				"down": {"uv": [2, 0, 0, 10], "texture": "#4"}
			}
		},
		{
			"from": [5, 15.9, 2],
			"to": [11, 17.9, 16],
			"rotation": {"angle": 45, "axis": "x", "origin": [0, 0, 0]},
			"faces": {
				"north": {"uv": [0, 0, 6, 2], "texture": "#4"},
				"east": {"uv": [0, 0, 14, 2], "texture": "#4"},
				"south": {"uv": [0, 0, 6, 2], "texture": "#4"},
				"west": {"uv": [0, 0, 14, 2], "texture": "#4"},
				"up": {"uv": [0, 0, 6, 14], "texture": "#4"},
				"down": {"uv": [0, 0, 6, 14], "texture": "#4"}
			}
		},
		{
			"from": [5, 0, 22],
			"to": [11, 2, 28],
			"faces": {
				"north": {"uv": [0, 0, 6, 2], "texture": "#4"},
				"east": {"uv": [0, 0, 6, 2], "texture": "#4"},
				"south": {"uv": [0, 0, 6, 2], "texture": "#4"},
				"west": {"uv": [0, 0, 6, 2], "texture": "#4"},
				"up": {"uv": [0, 0, 6, 6], "texture": "#4"},
				"down": {"uv": [0, 0, 6, 6], "texture": "#4"}
			}
		},
		{
			"from": [3, 10.3, 4.27817],
			"to": [4, 16.3, 10.27817],
			"rotation": {"angle": -45, "axis": "x", "origin": [3.5, 14.14214, 7.77817]},
			"faces": {
				"north": {"uv": [2, 0, 1, 6], "rotation": 180, "texture": "#4"},
				"east": {"uv": [4, 6, 10, 0], "rotation": 90, "texture": "#4"},
				"south": {"uv": [2, 0, 1, 6], "texture": "#4"},
				"west": {"uv": [4, 6, 10, 0], "rotation": 270, "texture": "#4"},
				"up": {"uv": [2, 0, 1, 6], "rotation": 180, "texture": "#4"},
				"down": {"uv": [2, 0, 1, 6], "texture": "#4"}
			}
		},
		{
			"from": [12, 10.3, 4.27817],
			"to": [13, 16.3, 10.27817],
			"rotation": {"angle": -45, "axis": "x", "origin": [12.5, 14.14214, 7.77817]},
			"faces": {
				"north": {"uv": [1, 0, 2, 6], "rotation": 180, "texture": "#4"},
				"east": {"uv": [4, 0, 10, 6], "rotation": 270, "texture": "#4"},
				"south": {"uv": [1, 0, 2, 6], "texture": "#4"},
				"west": {"uv": [4, 0, 10, 6], "rotation": 90, "texture": "#4"},
				"up": {"uv": [1, 0, 2, 6], "rotation": 180, "texture": "#4"},
				"down": {"uv": [1, 0, 2, 6], "texture": "#4"}
			}
		}
	],
	"display": {
		"head": {
			"translation": [0, -27, 0],
			"scale": [2, 2, 2]
		}
	}
}