{
	"credit": "Made with Blockbench",
	"parent": "mortar",
	"textures": {
		"0": "torrent:weapons/dark_oak_planks",
		"1": "torrent:weapons/oak_planks",
		"3": "torrent:weapons/iron_block",
		"particle": "torrent:weapons/dark_oak_planks"
	},
	"elements": [
		{
			"from": [1, 2, 0],
			"to": [3, 4, 16],
			"faces": {
				"north": {"uv": [3, 0, 5, 2], "texture": "#0"},
				"east": {"uv": [0, 0, 16, 2], "texture": "#0"},
				"south": {"uv": [3, 0, 5, 2], "texture": "#0"},
				"west": {"uv": [0, 0, 16, 2], "texture": "#0"},
				"up": {"uv": [3, 0, 5, 16], "texture": "#0"},
				"down": {"uv": [3, 0, 5, 16], "texture": "#0"}
			}
		},
		{
			"from": [13, 2, 0],
			"to": [15, 4, 16],
			"rotation": {"angle": 0, "axis": "y", "origin": [16, 0, 0]},
			"faces": {
				"north": {"uv": [5, 0, 3, 2], "texture": "#0"},
				"east": {"uv": [16, 0, 0, 2], "texture": "#0"},
				"south": {"uv": [5, 0, 3, 2], "texture": "#0"},
				"west": {"uv": [16, 0, 0, 2], "texture": "#0"},
				"up": {"uv": [5, 0, 3, 16], "texture": "#0"},
				"down": {"uv": [5, 0, 3, 16], "texture": "#0"}
			}
		},
		{
			"from": [1.75, 3, -2],
			"to": [2.75, 9, 0],
			"rotation": {"angle": 45, "axis": "x", "origin": [0, 0, 0]},
			"faces": {
				"north": {"uv": [2, 0, 3, 6], "texture": "#1"},
				"east": {"uv": [5, 0, 7, 6], "texture": "#1"},
				"south": {"uv": [2, 0, 3, 6], "texture": "#1"},
				"west": {"uv": [5, 0, 7, 6], "texture": "#1"},
				"up": {"uv": [2, 0, 3, 2], "texture": "#1"},
				"down": {"uv": [2, 0, 3, 2], "texture": "#1"}
			}
		},
		{
			"from": [13.25, 3, -2],
			"to": [14.25, 9, 0],
			"rotation": {"angle": 45, "axis": "x", "origin": [16, 0, 0]},
			"faces": {
				"north": {"uv": [3, 0, 2, 6], "texture": "#1"},
				"east": {"uv": [7, 0, 5, 6], "texture": "#1"},
				"south": {"uv": [3, 0, 2, 6], "texture": "#1"},
				"west": {"uv": [7, 0, 5, 6], "texture": "#1"},
				"up": {"uv": [3, 0, 2, 2], "texture": "#1"},
				"down": {"uv": [3, 0, 2, 2], "texture": "#1"}
			}
		},
		{
			"from": [1.75, 11.3, 3],
			"to": [2.75, 13.3, 8],
			"rotation": {"angle": 45, "axis": "x", "origin": [0, 0, 0]},
			"faces": {
				"north": {"uv": [4, 0, 3, 2], "texture": "#1"},
				"east": {"uv": [14, 0, 9, 2], "texture": "#1"},
				"south": {"uv": [4, 0, 3, 2], "texture": "#1"},
				"west": {"uv": [14, 0, 9, 2], "texture": "#1"},
				"up": {"uv": [4, 0, 3, 5], "texture": "#1"},
				"down": {"uv": [4, 0, 3, 5], "texture": "#1"}
			}
		},
		{
			"from": [13.25, 11.3, 3],
			"to": [14.25, 13.3, 8],
			"rotation": {"angle": 45, "axis": "x", "origin": [16, 0, 0]},
			"faces": {
				"north": {"uv": [3, 0, 4, 2], "texture": "#1"},
				"east": {"uv": [9, 0, 14, 2], "texture": "#1"},
				"south": {"uv": [3, 0, 4, 2], "texture": "#1"},
				"west": {"uv": [9, 0, 14, 2], "texture": "#1"},
				"up": {"uv": [3, 0, 4, 5], "texture": "#1"},
				"down": {"uv": [3, 0, 4, 5], "texture": "#1"}
			}
		},
		{
			"from": [1, 4, 4],
			"to": [3, 8, 12],
			"faces": {
				"north": {"uv": [4, 0, 6, 4], "texture": "#1"},
				"east": {"uv": [8, 0, 16, 4], "texture": "#1"},
				"south": {"uv": [4, 0, 6, 4], "texture": "#1"},
				"west": {"uv": [8, 0, 16, 4], "texture": "#1"},
				"up": {"uv": [4, 0, 6, 8], "texture": "#1"},
				"down": {"uv": [4, 0, 6, 8], "texture": "#1"}
			}
		},
		{
			"from": [13, 4, 4],
			"to": [15, 8, 12],
			"rotation": {"angle": 0, "axis": "y", "origin": [16, 0, 0]},
			"faces": {
				"north": {"uv": [2, 0, 4, 4], "texture": "#1"},
				"east": {"uv": [8, 0, 16, 4], "texture": "#1"},
				"south": {"uv": [2, 0, 4, 4], "texture": "#1"},
				"west": {"uv": [8, 0, 16, 4], "texture": "#1"},
				"up": {"uv": [2, 0, 4, 8], "texture": "#1"},
				"down": {"uv": [2, 0, 4, 8], "texture": "#1"}
			}
		},
		{
			"from": [3, 2, 0],
			"to": [13, 4, 2],
			"faces": {
				"north": {"uv": [0, 0, 10, 2], "texture": "#0"},
				"east": {"uv": [0, 0, 2, 2], "texture": "#0"},
				"south": {"uv": [0, 0, 10, 2], "texture": "#0"},
				"west": {"uv": [0, 0, 2, 2], "texture": "#0"},
				"up": {"uv": [0, 0, 10, 2], "texture": "#0"},
				"down": {"uv": [0, 0, 10, 2], "texture": "#0"}
			}
		},
		{
			"from": [3, 2, 14],
			"to": [13, 4, 16],
			"faces": {
				"north": {"uv": [0, 0, 10, 2], "texture": "#0"},
				"east": {"uv": [0, 0, 2, 2], "texture": "#0"},
				"south": {"uv": [0, 0, 10, 2], "texture": "#0"},
				"west": {"uv": [0, 0, 2, 2], "texture": "#0"},
				"up": {"uv": [0, 0, 10, 2], "texture": "#0"},
				"down": {"uv": [0, 0, 10, 2], "texture": "#0"}
			}
		},
		{
			"from": [0, 0, 1],
			"to": [1, 4, 5],
			"faces": {
				"north": {"uv": [3, 0, 2, 4], "texture": "#1"},
				"east": {"uv": [6, 0, 2, 4], "texture": "#1"},
				"south": {"uv": [3, 0, 2, 4], "texture": "#1"},
				"west": {"uv": [6, 0, 2, 4], "texture": "#1"},
				"up": {"uv": [3, 0, 2, 4], "texture": "#1"},
				"down": {"uv": [3, 0, 2, 4], "texture": "#1"}
			}
		},
		{
			"from": [15, 0, 1],
			"to": [16, 4, 5],
			"rotation": {"angle": 0, "axis": "y", "origin": [16, 0, 0]},
			"faces": {
				"north": {"uv": [2, 0, 3, 4], "texture": "#1"},
				"east": {"uv": [2, 0, 6, 4], "texture": "#1"},
				"south": {"uv": [2, 0, 3, 4], "texture": "#1"},
				"west": {"uv": [2, 0, 6, 4], "texture": "#1"},
				"up": {"uv": [2, 0, 3, 4], "texture": "#1"},
				"down": {"uv": [2, 0, 3, 4], "texture": "#1"}
			}
		},
		{
			"from": [0, 0, 11],
			"to": [1, 4, 15],
			"faces": {
				"north": {"uv": [3, 0, 2, 4], "texture": "#1"},
				"east": {"uv": [5, 0, 1, 4], "texture": "#1"},
				"south": {"uv": [3, 0, 2, 4], "texture": "#1"},
				"west": {"uv": [5, 0, 1, 4], "texture": "#1"},
				"up": {"uv": [3, 0, 2, 4], "texture": "#1"},
				"down": {"uv": [3, 0, 2, 4], "texture": "#1"}
			}
		},
		{
			"from": [15, 0, 11],
			"to": [16, 4, 15],
			"rotation": {"angle": 0, "axis": "y", "origin": [16, 0, 0]},
			"faces": {
				"north": {"uv": [2, 0, 3, 4], "texture": "#1"},
				"east": {"uv": [1, 0, 5, 4], "texture": "#1"},
				"south": {"uv": [2, 0, 3, 4], "texture": "#1"},
				"west": {"uv": [1, 0, 5, 4], "texture": "#1"},
				"up": {"uv": [2, 0, 3, 4], "texture": "#1"},
				"down": {"uv": [2, 0, 3, 4], "texture": "#1"}
			}
		},
		{
			"from": [-1, 1, 2],
			"to": [17, 3, 4],
			"faces": {
				"north": {"uv": [0, 0, 16, 2], "texture": "#3"},
				"east": {"uv": [0, 0, 2, 2], "texture": "#3"},
				"south": {"uv": [0, 0, 16, 2], "texture": "#3"},
				"west": {"uv": [0, 0, 2, 2], "texture": "#3"},
				"up": {"uv": [0, 0, 16, 2], "texture": "#3"},
				"down": {"uv": [0, 0, 16, 2], "texture": "#3"}
			}
		},
		{
			"from": [-1, 1, 12],
			"to": [17, 3, 14],
			"faces": {
				"north": {"uv": [0, 0, 16, 2], "texture": "#3"},
				"east": {"uv": [0, 0, 2, 2], "texture": "#3"},
				"south": {"uv": [0, 0, 16, 2], "texture": "#3"},
				"west": {"uv": [0, 0, 2, 2], "texture": "#3"},
				"up": {"uv": [0, 0, 16, 2], "texture": "#3"},
				"down": {"uv": [0, 0, 16, 2], "texture": "#3"}
			}
		}
	],
	"display": {
		"head": {
			"translation": [0, -27, 0],
			"scale": [2, 2, 2]
		}
	}
}