{
	"credit": "Made with Blockbench",
	"textures": {
		"1": "oak_log_top",
		"2": "oak_planks",
		"4": "white_wool",
		"5": "dark_oak_log",
		"6": "cobblestone",
		"7": "anvil",
		"particle": "oak_log"
	},
	"elements": [
		{
			"from": [-6, 0, -7],
			"to": [-4, 8, 1],
			"faces": {
				"north": {"uv": [1, 0, 0, 8], "texture": "#1"},
				"east": {"uv": [16, 0, 0, 16], "texture": "#1"},
				"south": {"uv": [1, 0, 0, 8], "texture": "#1"},
				"west": {"uv": [16, 0, 0, 16], "texture": "#1"},
				"up": {"uv": [1, 0, 0, 8], "texture": "#1"},
				"down": {"uv": [1, 0, 0, 8], "texture": "#1"}
			}
		},
		{
			"from": [20, 0, -7],
			"to": [22, 8, 1],
			"rotation": {"angle": 0, "axis": "y", "origin": [16, 0, 0]},
			"faces": {
				"north": {"uv": [0, 0, 1, 8], "texture": "#1"},
				"east": {"uv": [0, 0, 16, 16], "texture": "#1"},
				"south": {"uv": [0, 0, 1, 8], "texture": "#1"},
				"west": {"uv": [0, 0, 16, 16], "texture": "#1"},
				"up": {"uv": [0, 0, 1, 8], "texture": "#1"},
				"down": {"uv": [0, 0, 1, 8], "texture": "#1"}
			}
		},
		{
			"from": [-6, 0, 15],
			"to": [-4, 8, 23],
			"faces": {
				"north": {"uv": [1, 0, 0, 8], "texture": "#1"},
				"east": {"uv": [16, 0, 0, 16], "texture": "#1"},
				"south": {"uv": [1, 0, 0, 8], "texture": "#1"},
				"west": {"uv": [16, 0, 0, 16], "texture": "#1"},
				"up": {"uv": [1, 0, 0, 8], "texture": "#1"},
				"down": {"uv": [1, 0, 0, 8], "texture": "#1"}
			}
		},
		{
			"from": [20, 0, 15],
			"to": [22, 8, 23],
			"rotation": {"angle": 0, "axis": "y", "origin": [16, 0, 0]},
			"faces": {
				"north": {"uv": [0, 0, 1, 8], "texture": "#1"},
				"east": {"uv": [0, 0, 16, 16], "texture": "#1"},
				"south": {"uv": [0, 0, 1, 8], "texture": "#1"},
				"west": {"uv": [0, 0, 16, 16], "texture": "#1"},
				"up": {"uv": [0, 0, 1, 8], "texture": "#1"},
				"down": {"uv": [0, 0, 1, 8], "texture": "#1"}
			}
		},
		{
			"from": [-4, 5, -9],
			"to": [-2, 7, 25],
			"faces": {
				"north": {"uv": [0, 0, 2, 2], "texture": "#2"},
				"east": {"uv": [0, 0, 16, 2], "texture": "#2"},
				"south": {"uv": [0, 0, 2, 2], "texture": "#2"},
				"west": {"uv": [0, 0, 16, 2], "texture": "#2"},
				"up": {"uv": [0, 0, 2, 16], "texture": "#2"},
				"down": {"uv": [0, 0, 2, 16], "texture": "#2"}
			}
		},
		{
			"from": [-7, 3, -4],
			"to": [23, 5, -2],
			"faces": {
				"north": {"uv": [0, 0, 16, 2], "texture": "#7"},
				"east": {"uv": [0, 0, 2, 2], "texture": "#7"},
				"south": {"uv": [0, 0, 16, 2], "texture": "#7"},
				"west": {"uv": [0, 0, 2, 2], "texture": "#7"},
				"up": {"uv": [0, 0, 16, 2], "texture": "#7"},
				"down": {"uv": [0, 0, 16, 2], "texture": "#7"}
			}
		},
		{
			"from": [-7, 3, 18],
			"to": [23, 5, 20],
			"faces": {
				"north": {"uv": [0, 0, 16, 2], "texture": "#7"},
				"east": {"uv": [0, 0, 2, 2], "texture": "#7"},
				"south": {"uv": [0, 0, 16, 2], "texture": "#7"},
				"west": {"uv": [0, 0, 2, 2], "texture": "#7"},
				"up": {"uv": [0, 0, 16, 2], "texture": "#7"},
				"down": {"uv": [0, 0, 16, 2], "texture": "#7"}
			}
		},
		{
			"from": [-6, 4, -4],
			"to": [-4, 32, -2],
			"rotation": {"angle": -22.5, "axis": "z", "origin": [0, 0, 0]},
			"faces": {
				"north": {"uv": [0, 0, 2, 16], "texture": "#2"},
				"east": {"uv": [0, 0, 2, 16], "texture": "#2"},
				"south": {"uv": [0, 0, 2, 16], "texture": "#2"},
				"west": {"uv": [0, 0, 2, 16], "texture": "#2"},
				"up": {"uv": [0, 0, 2, 2], "texture": "#2"},
				"down": {"uv": [0, 0, 2, 2], "texture": "#2"}
			}
		},
		{
			"from": [20, 4, -4],
			"to": [22, 32, -2],
			"rotation": {"angle": 22.5, "axis": "z", "origin": [16, 0, 0]},
			"faces": {
				"north": {"uv": [2, 0, 0, 16], "texture": "#2"},
				"east": {"uv": [2, 0, 0, 16], "texture": "#2"},
				"south": {"uv": [2, 0, 0, 16], "texture": "#2"},
				"west": {"uv": [2, 0, 0, 16], "texture": "#2"},
				"up": {"uv": [2, 0, 0, 2], "texture": "#2"},
				"down": {"uv": [2, 0, 0, 2], "texture": "#2"}
			}
		},
		{
			"from": [-6, 3, 18],
			"to": [-4, 32, 20],
			"rotation": {"angle": -22.5, "axis": "z", "origin": [0, 0, 0]},
			"faces": {
				"north": {"uv": [4, 0, 6, 16], "texture": "#2"},
				"east": {"uv": [4, 0, 6, 16], "texture": "#2"},
				"south": {"uv": [4, 0, 6, 16], "texture": "#2"},
				"west": {"uv": [4, 0, 6, 16], "texture": "#2"},
				"up": {"uv": [4, 0, 6, 2], "texture": "#2"},
				"down": {"uv": [4, 0, 6, 2], "texture": "#2"}
			}
		},
		{
			"from": [7, 30, -6],
			"to": [9, 32, 22],
			"faces": {
				"north": {"uv": [0, 0, 2, 2], "texture": "#2"},
				"east": {"uv": [0, 0, 16, 2], "texture": "#2"},
				"south": {"uv": [0, 0, 2, 2], "texture": "#2"},
				"west": {"uv": [0, 0, 16, 2], "texture": "#2"},
				"up": {"uv": [0, 0, 2, 16], "texture": "#2"},
				"down": {"uv": [0, 0, 2, 16], "texture": "#2"}
			}
		},
		{
			"from": [20, 3, 18],
			"to": [22, 32, 20],
			"rotation": {"angle": 22.5, "axis": "z", "origin": [16, 0, 0]},
			"faces": {
				"north": {"uv": [6, 0, 4, 16], "texture": "#2"},
				"east": {"uv": [6, 0, 4, 16], "texture": "#2"},
				"south": {"uv": [6, 0, 4, 16], "texture": "#2"},
				"west": {"uv": [6, 0, 4, 16], "texture": "#2"},
				"up": {"uv": [6, 0, 4, 2], "texture": "#2"},
				"down": {"uv": [6, 0, 4, 2], "texture": "#2"}
			}
		},
		{
			"from": [-2, 5, -9],
			"to": [18, 7, -7],
			"faces": {
				"north": {"uv": [0, 0, 16, 2], "texture": "#2"},
				"east": {"uv": [0, 0, 2, 2], "texture": "#2"},
				"south": {"uv": [0, 0, 16, 2], "texture": "#2"},
				"west": {"uv": [0, 0, 2, 2], "texture": "#2"},
				"up": {"uv": [0, 0, 16, 2], "texture": "#2"},
				"down": {"uv": [0, 0, 16, 2], "texture": "#2"}
			}
		},
		{
			"from": [-2, 5, 23],
			"to": [18, 7, 25],
			"faces": {
				"north": {"uv": [0, 0, 16, 2], "texture": "#2"},
				"east": {"uv": [0, 0, 2, 2], "texture": "#2"},
				"south": {"uv": [0, 0, 16, 2], "texture": "#2"},
				"west": {"uv": [0, 0, 2, 2], "texture": "#2"},
				"up": {"uv": [0, 0, 16, 2], "texture": "#2"},
				"down": {"uv": [0, 0, 16, 2], "texture": "#2"}
			}
		},
		{
			"from": [4, 9, -10],
			"to": [12, 17, 26],
			"faces": {
				"north": {"uv": [0, 0, 7, 16], "texture": "#5"},
				"east": {"uv": [8, 0, 16, 16], "rotation": 90, "texture": "#5"},
				"south": {"uv": [0, 0, 8, 8], "texture": "#5"},
				"west": {"uv": [8, 8, 16, 16], "rotation": 90, "texture": "#5"},
				"up": {"uv": [0, 0, 8, 16], "texture": "#5"},
				"down": {"uv": [8, 0, 16, 8], "texture": "#5"}
			}
		},
		{
			"from": [4, 9, 26],
			"to": [12, 17, 27],
			"faces": {
				"north": {"uv": [0, 0, 8, 8], "texture": "#6"},
				"east": {"uv": [0, 0, 1, 8], "texture": "#6"},
				"south": {"uv": [0, 0, 16, 16], "texture": "#6"},
				"west": {"uv": [0, 0, 1, 8], "texture": "#6"},
				"up": {"uv": [0, 0, 8, 1], "texture": "#6"},
				"down": {"uv": [0, 0, 8, 1], "texture": "#6"}
			}
		},
		{
			"from": [4, 9, -11],
			"to": [12, 17, -10],
			"faces": {
				"north": {"uv": [0, 0, 16, 16], "texture": "#6"},
				"east": {"uv": [0, 0, 1, 8], "texture": "#6"},
				"south": {"uv": [4, 4, 12, 12], "texture": "#6"},
				"west": {"uv": [0, 0, 1, 8], "texture": "#6"},
				"up": {"uv": [0, 0, 8, 1], "texture": "#6"},
				"down": {"uv": [0, 0, 8, 1], "texture": "#6"}
			}
		},
		{
			"from": [7.5, 17, -3],
			"to": [8.5, 30, -2],
			"faces": {
				"north": {"uv": [0, 0, 1, 13], "texture": "#4"},
				"east": {"uv": [0, 0, 1, 13], "texture": "#4"},
				"south": {"uv": [0, 0, 1, 13], "texture": "#4"},
				"west": {"uv": [0, 0, 1, 13], "texture": "#4"},
				"up": {"uv": [0, 0, 1, 1], "texture": "#4"},
				"down": {"uv": [0, 0, 1, 1], "texture": "#4"}
			}
		},
		{
			"from": [7.5, 17, 18],
			"to": [8.5, 30, 19],
			"faces": {
				"north": {"uv": [0, 0, 1, 13], "texture": "#4"},
				"east": {"uv": [0, 0, 1, 13], "texture": "#4"},
				"south": {"uv": [0, 0, 1, 13], "texture": "#4"},
				"west": {"uv": [0, 0, 1, 13], "texture": "#4"},
				"up": {"uv": [0, 0, 1, 1], "texture": "#4"},
				"down": {"uv": [0, 0, 1, 1], "texture": "#4"}
			}
		},
		{
			"from": [18, 5, -9],
			"to": [20, 7, 25],
			"rotation": {"angle": 0, "axis": "y", "origin": [16, 0, 0]},
			"faces": {
				"north": {"uv": [2, 0, 0, 2], "texture": "#2"},
				"east": {"uv": [16, 0, 0, 2], "texture": "#2"},
				"south": {"uv": [2, 0, 0, 2], "texture": "#2"},
				"west": {"uv": [16, 0, 0, 2], "texture": "#2"},
				"up": {"uv": [2, 0, 0, 16], "texture": "#2"},
				"down": {"uv": [2, 0, 0, 16], "texture": "#2"}
			}
		}
	]
}