{
	"credit": "Made with Blockbench",
	"parent": "ram",
	"textures": {
		"2": "Pictures/blockbench textures/oak_planks",
		"3": "Pictures/blockbench textures/dark_oak_log",
		"4": "Pictures/blockbench textures/white_wool",
		"5": "Pictures/blockbench textures/cobblestone",
		"6": "Pictures/blockbench textures/anvil",
		"7": "Pictures/blockbench textures/oak_log_top",
		"particle": "Pictures/blockbench textures/oak_planks"
	},
	"elements": [
		{
			"from": [-6, 0, -7],
			"to": [-4, 8, 1],
			"faces": {
				"north": {"uv": [1, 0, 0, 8], "texture": "#7"},
				"east": {"uv": [16, 0, 0, 16], "texture": "#7"},
				"south": {"uv": [1, 0, 0, 8], "texture": "#7"},
				"west": {"uv": [16, 0, 0, 16], "texture": "#7"},
				"up": {"uv": [1, 0, 0, 8], "texture": "#7"},
				"down": {"uv": [1, 0, 0, 8], "texture": "#7"}
			}
		},
		{
			"from": [20, 0, -7],
			"to": [22, 8, 1],
			"rotation": {"angle": 0, "axis": "y", "origin": [16, 0, 0]},
			"faces": {
				"north": {"uv": [0, 0, 1, 8], "texture": "#7"},
				"east": {"uv": [0, 0, 16, 16], "texture": "#7"},
				"south": {"uv": [0, 0, 1, 8], "texture": "#7"},
				"west": {"uv": [0, 0, 16, 16], "texture": "#7"},
				"up": {"uv": [0, 0, 1, 8], "texture": "#7"},
				"down": {"uv": [0, 0, 1, 8], "texture": "#7"}
			}
		},
		{
			"from": [-6, 0, 15],
			"to": [-4, 8, 23],
			"faces": {
				"north": {"uv": [1, 0, 0, 8], "texture": "#7"},
				"east": {"uv": [16, 0, 0, 16], "texture": "#7"},
				"south": {"uv": [1, 0, 0, 8], "texture": "#7"},
				"west": {"uv": [16, 0, 0, 16], "texture": "#7"},
				"up": {"uv": [1, 0, 0, 8], "texture": "#7"},
				"down": {"uv": [1, 0, 0, 8], "texture": "#7"}
			}
		},
		{
			"from": [20, 0, 15],
			"to": [22, 8, 23],
			"rotation": {"angle": 0, "axis": "y", "origin": [16, 0, 0]},
			"faces": {
				"north": {"uv": [0, 0, 1, 8], "texture": "#7"},
				"east": {"uv": [0, 0, 16, 16], "texture": "#7"},
				"south": {"uv": [0, 0, 1, 8], "texture": "#7"},
				"west": {"uv": [0, 0, 16, 16], "texture": "#7"},
				"up": {"uv": [0, 0, 1, 8], "texture": "#7"},
				"down": {"uv": [0, 0, 1, 8], "texture": "#7"}
			}
		},
		{
			"from": [-4, 5, -9],
			"to": [-2, 7, 25],
			"faces": {
				"north": {"uv": [0, 0, 2, 2], "texture": "#2"},
				"east": {"uv": [0, 0, 16, 2], "texture": "#2"},
				"south": {"uv": [0, 0, 2, 2], "texture": "#2"},
				"west": {"uv": [0, 0, 16, 2], "texture": "#2"},
				"up": {"uv": [0, 0, 2, 16], "texture": "#2"},
				"down": {"uv": [0, 0, 2, 16], "texture": "#2"}
			}
		},
		{
			"from": [-7, 3, -4],
			"to": [23, 5, -2],
			"faces": {
				"north": {"uv": [0, 0, 16, 2], "texture": "#6"},
				"east": {"uv": [0, 0, 2, 2], "texture": "#6"},
				"south": {"uv": [0, 0, 16, 2], "texture": "#6"},
				"west": {"uv": [0, 0, 2, 2], "texture": "#6"},
				"up": {"uv": [0, 0, 16, 2], "texture": "#6"},
				"down": {"uv": [0, 0, 16, 2], "texture": "#6"}
			}
		},
		{
			"from": [-7, 3, 18],
			"to": [23, 5, 20],
			"faces": {
				"north": {"uv": [0, 0, 16, 2], "texture": "#6"},
				"east": {"uv": [0, 0, 2, 2], "texture": "#6"},
				"south": {"uv": [0, 0, 16, 2], "texture": "#6"},
				"west": {"uv": [0, 0, 2, 2], "texture": "#6"},
				"up": {"uv": [0, 0, 16, 2], "texture": "#6"},
				"down": {"uv": [0, 0, 16, 2], "texture": "#6"}
			}
		},
		{
			"from": [-6, 4, -4],
			"to": [-4, 32, -2],
			"rotation": {"angle": -22.5, "axis": "z", "origin": [0, 0, 0]},
			"faces": {
				"north": {"uv": [0, 0, 2, 16], "texture": "#2"},
				"east": {"uv": [0, 0, 2, 16], "texture": "#2"},
				"south": {"uv": [0, 0, 2, 16], "texture": "#2"},
				"west": {"uv": [0, 0, 2, 16], "texture": "#2"},
				"up": {"uv": [0, 0, 2, 2], "texture": "#2"},
				"down": {"uv": [0, 0, 2, 2], "texture": "#2"}
			}
		},
		{
			"from": [20, 4, -4],
			"to": [22, 32, -2],
			"rotation": {"angle": 22.5, "axis": "z", "origin": [16, 0, 0]},
			"faces": {
				"north": {"uv": [2, 0, 0, 16], "texture": "#2"},
				"east": {"uv": [2, 0, 0, 16], "texture": "#2"},
				"south": {"uv": [2, 0, 0, 16], "texture": "#2"},
				"west": {"uv": [2, 0, 0, 16], "texture": "#2"},
				"up": {"uv": [2, 0, 0, 2], "texture": "#2"},
				"down": {"uv": [2, 0, 0, 2], "texture": "#2"}
			}
		},
		{
			"from": [-6, 3, 18],
			"to": [-4, 32, 20],
			"rotation": {"angle": -22.5, "axis": "z", "origin": [0, 0, 0]},
			"faces": {
				"north": {"uv": [4, 0, 6, 16], "texture": "#2"},
				"east": {"uv": [4, 0, 6, 16], "texture": "#2"},
				"south": {"uv": [4, 0, 6, 16], "texture": "#2"},
				"west": {"uv": [4, 0, 6, 16], "texture": "#2"},
				"up": {"uv": [4, 0, 6, 2], "texture": "#2"},
				"down": {"uv": [4, 0, 6, 2], "texture": "#2"}
			}
		},
		{
			"from": [7, 30, -6],
			"to": [9, 32, 22],
			"faces": {
				"north": {"uv": [0, 0, 2, 2], "texture": "#2"},
				"east": {"uv": [0, 0, 16, 2], "texture": "#2"},
				"south": {"uv": [0, 0, 2, 2], "texture": "#2"},
				"west": {"uv": [0, 0, 16, 2], "texture": "#2"},
				"up": {"uv": [0, 0, 2, 16], "texture": "#2"},
				"down": {"uv": [0, 0, 2, 16], "texture": "#2"}
			}
		},
		{
			"from": [20, 3, 18],
			"to": [22, 32, 20],
			"rotation": {"angle": 22.5, "axis": "z", "origin": [16, 0, 0]},
			"faces": {
				"north": {"uv": [6, 0, 4, 16], "texture": "#2"},
				"east": {"uv": [6, 0, 4, 16], "texture": "#2"},
				"south": {"uv": [6, 0, 4, 16], "texture": "#2"},
				"west": {"uv": [6, 0, 4, 16], "texture": "#2"},
				"up": {"uv": [6, 0, 4, 2], "texture": "#2"},
				"down": {"uv": [6, 0, 4, 2], "texture": "#2"}
			}
		},
		{
			"from": [-2, 5, -9],
			"to": [18, 7, -7],
			"faces": {
				"north": {"uv": [0, 0, 16, 2], "texture": "#2"},
				"east": {"uv": [0, 0, 2, 2], "texture": "#2"},
				"south": {"uv": [0, 0, 16, 2], "texture": "#2"},
				"west": {"uv": [0, 0, 2, 2], "texture": "#2"},
				"up": {"uv": [0, 0, 16, 2], "texture": "#2"},
				"down": {"uv": [0, 0, 16, 2], "texture": "#2"}
			}
		},
		{
			"from": [-2, 5, 23],
			"to": [18, 7, 25],
			"faces": {
				"north": {"uv": [0, 0, 16, 2], "texture": "#2"},
				"east": {"uv": [0, 0, 2, 2], "texture": "#2"},
				"south": {"uv": [0, 0, 16, 2], "texture": "#2"},
				"west": {"uv": [0, 0, 2, 2], "texture": "#2"},
				"up": {"uv": [0, 0, 16, 2], "texture": "#2"},
				"down": {"uv": [0, 0, 16, 2], "texture": "#2"}
			}
		},
		{
			"from": [4, 9, -15],
			"to": [12, 17, 21],
			"faces": {
				"north": {"uv": [0, 0, 7, 16], "texture": "#3"},
				"east": {"uv": [8, 0, 16, 16], "rotation": 90, "texture": "#3"},
				"south": {"uv": [0, 0, 8, 8], "texture": "#3"},
				"west": {"uv": [8, 8, 16, 16], "rotation": 90, "texture": "#3"},
				"up": {"uv": [0, 0, 8, 16], "texture": "#3"},
				"down": {"uv": [8, 0, 16, 8], "texture": "#3"}
			}
		},
		{
			"from": [4, 9, 21],
			"to": [12, 17, 22],
			"faces": {
				"north": {"uv": [0, 0, 8, 8], "texture": "#5"},
				"east": {"uv": [0, 0, 1, 8], "texture": "#5"},
				"south": {"uv": [0, 0, 16, 16], "texture": "#5"},
				"west": {"uv": [0, 0, 1, 8], "texture": "#5"},
				"up": {"uv": [0, 0, 8, 1], "texture": "#5"},
				"down": {"uv": [0, 0, 8, 1], "texture": "#5"}
			}
		},
		{
			"from": [4, 9, -16],
			"to": [12, 17, -15],
			"faces": {
				"north": {"uv": [0, 0, 16, 16], "texture": "#5"},
				"east": {"uv": [0, 0, 1, 8], "texture": "#5"},
				"south": {"uv": [4, 4, 12, 12], "texture": "#5"},
				"west": {"uv": [0, 0, 1, 8], "texture": "#5"},
				"up": {"uv": [0, 0, 8, 1], "texture": "#5"},
				"down": {"uv": [0, 0, 8, 1], "texture": "#5"}
			}
		},
		{
			"from": [7.5, 12, -14],
			"to": [8.5, 27, -13],
			"rotation": {"angle": 22.5, "axis": "x", "origin": [0, 0, 0]},
			"faces": {
				"north": {"uv": [0, 0, 1, 15], "texture": "#4"},
				"east": {"uv": [0, 0, 1, 15], "texture": "#4"},
				"south": {"uv": [0, 0, 1, 15], "texture": "#4"},
				"west": {"uv": [0, 0, 1, 15], "texture": "#4"},
				"up": {"uv": [0, 0, 1, 1], "texture": "#4"},
				"down": {"uv": [0, 0, 1, 1], "texture": "#4"}
			}
		},
		{
			"from": [7.5, 15.91819, 16.52064],
			"to": [8.5, 30.91819, 17.52064],
			"rotation": {"angle": 22.5, "axis": "x", "origin": [8, 26.91819, 16.02064]},
			"faces": {
				"north": {"uv": [0, 0, 1, 15], "texture": "#4"},
				"east": {"uv": [0, 0, 1, 15], "texture": "#4"},
				"south": {"uv": [0, 0, 1, 15], "texture": "#4"},
				"west": {"uv": [0, 0, 1, 15], "texture": "#4"},
				"up": {"uv": [0, 0, 1, 1], "texture": "#4"},
				"down": {"uv": [0, 0, 1, 1], "texture": "#4"}
			}
		},
		{
			"from": [18, 5, -9],
			"to": [20, 7, 25],
			"rotation": {"angle": 0, "axis": "y", "origin": [16, 0, 0]},
			"faces": {
				"north": {"uv": [2, 0, 0, 2], "texture": "#2"},
				"east": {"uv": [16, 0, 0, 2], "texture": "#2"},
				"south": {"uv": [2, 0, 0, 2], "texture": "#2"},
				"west": {"uv": [16, 0, 0, 2], "texture": "#2"},
				"up": {"uv": [2, 0, 0, 16], "texture": "#2"},
				"down": {"uv": [2, 0, 0, 16], "texture": "#2"}
			}
		}
	]
}