{
    "model": {
        "type": "range_dispatch",
        "property": "custom_model_data",
        "fallback": {
            "type": "model",
            "model": "block/carved_pumpkin"
        },
        "entries": [
            {
                "threshold": 122,
                "model": {
                    "type": "model",
                    "model": "siegeengines:trebuchet"
                }
            },
            {
                "threshold": 123,
                "model": {
                    "type": "model",
                    "model": "siegeengines:trebuchet1"
                }
            },
            {
                "threshold": 124,
                "model": {
                    "type": "model",
                    "model": "siegeengines:trebuchet2"
                }
            },
            {
                "threshold": 125,
                "model": {
                    "type": "model",
                    "model": "siegeengines:trebuchet3"
                }
            },
            {
                "threshold": 126,
                "model": {
                    "type": "model",
                    "model": "siegeengines:trebuchet4"
                }
            },
            {
                "threshold": 127,
                "model": {
                    "type": "model",
                    "model": "siegeengines:trebuchet5"
                }
            },
            {
                "threshold": 128,
                "model": {
                    "type": "model",
                    "model": "siegeengines:trebuchet6"
                }
            },
            {
                "threshold": 129,
                "model": {
                    "type": "model",
                    "model": "siegeengines:trebuchet7"
                }
            },
            {
                "threshold": 130,
                "model": {
                    "type": "model",
                    "model": "siegeengines:trebuchet8"
                }
            },
            {
                "threshold": 131,
                "model": {
                    "type": "model",
                    "model": "siegeengines:trebuchet9"
                }
            },
            {
                "threshold": 132,
                "model": {
                    "type": "model",
                    "model": "siegeengines:trebuchet10"
                }
            },
            {
                "threshold": 133,
                "model": {
                    "type": "model",
                    "model": "siegeengines:trebuchet11"
                }
            },
            {
                "threshold": 134,
                "model": {
                    "type": "model",
                    "model": "siegeengines:trebuchet12"
                }
            },
            {
                "threshold": 135,
                "model": {
                    "type": "model",
                    "model": "siegeengines:trebuchet13"
                }
            },
            {
                "threshold": 136,
                "model": {
                    "type": "model",
                    "model": "siegeengines:trebuchet14"
                }
            },
            {
                "threshold": 137,
                "model": {
                    "type": "model",
                    "model": "siegeengines:trebuchet15"
                }
            },
            {
                "threshold": 138,
                "model": {
                    "type": "model",
                    "model": "siegeengines:trebuchet16"
                }
            },
            {
                "threshold": 139,
                "model": {
                    "type": "model",
                    "model": "siegeengines:trebuchet17"
                }
            },
            {
                "threshold": 140,
                "model": {
                    "type": "model",
                    "model": "siegeengines:trebuchet18"
                }
            },
            {
                "threshold": 141,
                "model": {
                    "type": "model",
                    "model": "siegeengines:cannon"
                }
            },
            {
                "threshold": 142,
                "model": {
                    "type": "model",
                    "model": "siegeengines:navalcannon"
                }
            },
            {
                "threshold": 143,
                "model": {
                    "type": "model",
                    "model": "siegeengines:ballista_3"
                }
            },
            {
                "threshold": 144,
                "model": {
                    "type": "model",
                    "model": "siegeengines:ballista_2"
                }
            },
            {
                "threshold": 145,
                "model": {
                    "type": "model",
                    "model": "siegeengines:ballista_1"
                }
            },
            {
                "threshold": 146,
                "model": {
                    "type": "model",
                    "model": "siegeengines:ballista"
                }
            },
            {
                "threshold": 150,
                "model": {
                    "type": "model",
                    "model": "siegeengines:mortar-barrel_1"
                }
            },
            {
                "threshold": 151,
                "model": {
                    "type": "model",
                    "model": "siegeengines:mortar-base_1"
                }
            },
            {
                "threshold": 152,
                "model": {
                    "type": "model",
                    "model": "siegeengines:cannon-barrel_1"
                }
            },
            {
                "threshold": 153,
                "model": {
                    "type": "model",
                    "model": "siegeengines:cannon-base_1"
                }
            }
        ]
    }
}