{
	"credit": "Made with Blockbench",
	"parent": "cannon",
	"texture_size": [64, 64],
	"textures": {
		"0": "siegeengines:equipment/armour/helmets/navalcannon",
		"1": "siegeengines:equipment/armour/helmets/carriage",
		"2": "siegeengines:equipment/armour/helmets/wheels",
		"particle": "siegeengines:equipment/armour/helmets/navalcannon"
	},
	"elements": [
		{
			"from": [5, 6, 13],
			"to": [11, 12, 25],
			"faces": {
				"north": {"uv": [3, 3, 4.5, 4.5], "texture": "#0"},
				"east": {"uv": [0, 3, 3, 4.5], "texture": "#0"},
				"south": {"uv": [7.5, 3, 9, 4.5], "texture": "#0"},
				"west": {"uv": [4.5, 3, 7.5, 4.5], "texture": "#0"},
				"up": {"uv": [4.5, 3, 3, 0], "texture": "#0"},
				"down": {"uv": [6, 0, 4.5, 3], "texture": "#0"}
			}
		},
		{
			"from": [5.5, 6.5, 4],
			"to": [10.5, 11.5, 13],
			"faces": {
				"north": {"uv": [7.25, 8.5, 8.5, 9.75], "texture": "#0"},
				"east": {"uv": [5, 8.5, 7.25, 9.75], "texture": "#0"},
				"south": {"uv": [10.75, 8.5, 12, 9.75], "texture": "#0"},
				"west": {"uv": [8.5, 8.5, 10.75, 9.75], "texture": "#0"},
				"up": {"uv": [8.5, 8.5, 7.25, 6.25], "texture": "#0"},
				"down": {"uv": [9.75, 6.25, 8.5, 8.5], "texture": "#0"}
			}
		},
		{
			"from": [6, 7, -6],
			"to": [10, 11, 4],
			"faces": {
				"north": {"uv": [2.5, 7.25, 3.5, 8.25], "texture": "#0"},
				"east": {"uv": [0, 7.25, 2.5, 8.25], "texture": "#0"},
				"south": {"uv": [6, 7.25, 7, 8.25], "texture": "#0"},
				"west": {"uv": [3.5, 7.25, 6, 8.25], "texture": "#0"},
				"up": {"uv": [3.5, 7.25, 2.5, 4.75], "texture": "#0"},
				"down": {"uv": [4.5, 4.75, 3.5, 7.25], "texture": "#0"}
			}
		},
		{
			"from": [6.5, 7.5, -11],
			"to": [9.5, 10.5, -6],
			"faces": {
				"north": {"uv": [1.25, 9.75, 2, 10.5], "texture": "#0"},
				"east": {"uv": [0, 9.75, 1.25, 10.5], "texture": "#0"},
				"south": {"uv": [3.25, 9.75, 4, 10.5], "texture": "#0"},
				"west": {"uv": [2, 9.75, 3.25, 10.5], "texture": "#0"},
				"up": {"uv": [2, 9.75, 1.25, 8.5], "texture": "#0"},
				"down": {"uv": [2.75, 8.5, 2, 9.75], "texture": "#0"}
			}
		},
		{
			"from": [6, 7, -12.25],
			"to": [10, 11, -11],
			"faces": {
				"north": {"uv": [0.25, 1.75, 1.25, 2.75], "texture": "#0"},
				"east": {"uv": [0, 1.75, 0.25, 2.75], "texture": "#0"},
				"south": {"uv": [1.5, 1.75, 2.5, 2.75], "texture": "#0"},
				"west": {"uv": [1.25, 1.75, 1.5, 2.75], "texture": "#0"},
				"up": {"uv": [1.25, 1.75, 0.25, 1.5], "texture": "#0"},
				"down": {"uv": [2.25, 1.5, 1.25, 1.75], "texture": "#0"}
			}
		},
		{
			"from": [9.5, 6.5, -12.75],
			"to": [10.5, 11.5, -11.75],
			"faces": {
				"north": {"uv": [6.25, 5.75, 6.5, 7], "texture": "#0"},
				"east": {"uv": [6, 5.75, 6.25, 7], "texture": "#0"},
				"south": {"uv": [6.75, 5.75, 7, 7], "texture": "#0"},
				"west": {"uv": [6.5, 5.75, 6.75, 7], "texture": "#0"},
				"up": {"uv": [6.5, 5.75, 6.25, 5.5], "texture": "#0"},
				"down": {"uv": [6.75, 5.5, 6.5, 5.75], "texture": "#0"}
			}
		},
		{
			"from": [5.5, 6.5, -12.75],
			"to": [6.5, 11.5, -11.75],
			"faces": {
				"north": {"uv": [5, 5.75, 5.25, 7], "texture": "#0"},
				"east": {"uv": [4.75, 5.75, 5, 7], "texture": "#0"},
				"south": {"uv": [5.5, 5.75, 5.75, 7], "texture": "#0"},
				"west": {"uv": [5.25, 5.75, 5.5, 7], "texture": "#0"},
				"up": {"uv": [5.25, 5.75, 5, 5.5], "texture": "#0"},
				"down": {"uv": [5.5, 5.5, 5.25, 5.75], "texture": "#0"}
			}
		},
		{
			"from": [6.5, 6.5, -12.75],
			"to": [9.5, 7.5, -11.75],
			"faces": {
				"north": {"uv": [0.25, 5.75, 1, 6], "texture": "#0"},
				"east": {"uv": [0, 5.75, 0.25, 6], "texture": "#0"},
				"south": {"uv": [1.25, 5.75, 2, 6], "texture": "#0"},
				"west": {"uv": [1, 5.75, 1.25, 6], "texture": "#0"},
				"up": {"uv": [1, 5.75, 0.25, 5.5], "texture": "#0"},
				"down": {"uv": [1.75, 5.5, 1, 5.75], "texture": "#0"}
			}
		},
		{
			"from": [6.5, 10.5, -12.75],
			"to": [9.5, 11.5, -11.75],
			"faces": {
				"north": {"uv": [0.25, 5, 1, 5.25], "texture": "#0"},
				"east": {"uv": [0, 5, 0.25, 5.25], "texture": "#0"},
				"south": {"uv": [1.25, 5, 2, 5.25], "texture": "#0"},
				"west": {"uv": [1, 5, 1.25, 5.25], "texture": "#0"},
				"up": {"uv": [1, 5, 0.25, 4.75], "texture": "#0"},
				"down": {"uv": [1.75, 4.75, 1, 5], "texture": "#0"}
			}
		},
		{
			"from": [4.5, 5.5, 25],
			"to": [11.5, 12.5, 26],
			"faces": {
				"north": {"uv": [6.5, 0.25, 8.25, 2], "texture": "#0"},
				"east": {"uv": [6.25, 0.25, 6.5, 2], "texture": "#0"},
				"south": {"uv": [8.5, 0.25, 10.25, 2], "texture": "#0"},
				"west": {"uv": [8.25, 0.25, 8.5, 2], "texture": "#0"},
				"up": {"uv": [8.25, 0.25, 6.5, 0], "texture": "#0"},
				"down": {"uv": [10, 0, 8.25, 0.25], "texture": "#0"}
			}
		},
		{
			"from": [5, 6, 26],
			"to": [11, 12, 27],
			"faces": {
				"north": {"uv": [9.5, 2.5, 11, 4], "texture": "#0"},
				"east": {"uv": [9.25, 2.5, 9.5, 4], "texture": "#0"},
				"south": {"uv": [11.25, 2.5, 12.75, 4], "texture": "#0"},
				"west": {"uv": [11, 2.5, 11.25, 4], "texture": "#0"},
				"up": {"uv": [11, 2.5, 9.5, 2.25], "texture": "#0"},
				"down": {"uv": [12.5, 2.25, 11, 2.5], "texture": "#0"}
			}
		},
		{
			"from": [6, 7, 27],
			"to": [10, 11, 28],
			"faces": {
				"north": {"uv": [0.25, 0.25, 1.25, 1.25], "texture": "#0"},
				"east": {"uv": [0, 0.25, 0.25, 1.25], "texture": "#0"},
				"south": {"uv": [1.5, 0.25, 2.5, 1.25], "texture": "#0"},
				"west": {"uv": [1.25, 0.25, 1.5, 1.25], "texture": "#0"},
				"up": {"uv": [1.25, 0.25, 0.25, 0], "texture": "#0"},
				"down": {"uv": [2.25, 0, 1.25, 0.25], "texture": "#0"}
			}
		},
		{
			"from": [7.25, 8.25, 28],
			"to": [8.75, 9.75, 30.75],
			"faces": {
				"north": {"uv": [3.5, 9, 3.75, 9.25], "texture": "#0"},
				"east": {"uv": [3, 9, 3.5, 9.25], "texture": "#0"},
				"south": {"uv": [4.25, 9, 4.5, 9.25], "texture": "#0"},
				"west": {"uv": [3.75, 9, 4.25, 9.25], "texture": "#0"},
				"up": {"uv": [3.75, 9, 3.5, 8.5], "texture": "#0"},
				"down": {"uv": [4, 8.5, 3.75, 9], "texture": "#0"}
			}
		},
		{
			"from": [7, 8, 29],
			"to": [9, 10, 30.25],
			"faces": {
				"north": {"uv": [0.25, 6.5, 0.75, 7], "texture": "#0"},
				"east": {"uv": [0, 6.5, 0.25, 7], "texture": "#0"},
				"south": {"uv": [1, 6.5, 1.5, 7], "texture": "#0"},
				"west": {"uv": [0.75, 6.5, 1, 7], "texture": "#0"},
				"up": {"uv": [0.75, 6.5, 0.25, 6.25], "texture": "#0"},
				"down": {"uv": [1.25, 6.25, 0.75, 6.5], "texture": "#0"}
			}
		},
		{
			"from": [7.5, 8.5, 30.25],
			"to": [8.5, 9.5, 31.25],
			"faces": {
				"north": {"uv": [6.5, 2.5, 6.75, 2.75], "texture": "#0"},
				"east": {"uv": [6.25, 2.5, 6.5, 2.75], "texture": "#0"},
				"south": {"uv": [7, 2.5, 7.25, 2.75], "texture": "#0"},
				"west": {"uv": [6.75, 2.5, 7, 2.75], "texture": "#0"},
				"up": {"uv": [6.75, 2.5, 6.5, 2.25], "texture": "#0"},
				"down": {"uv": [7, 2.25, 6.75, 2.5], "texture": "#0"}
			}
		},
		{
			"from": [2.75, 8, 8.5],
			"to": [13.25, 9.5, 10],
			"faces": {
				"north": {"uv": [5, 5, 7.5, 5.25], "texture": "#0"},
				"east": {"uv": [4.75, 5, 5, 5.25], "texture": "#0"},
				"south": {"uv": [7.75, 5, 10.25, 5.25], "texture": "#0"},
				"west": {"uv": [7.5, 5, 7.75, 5.25], "texture": "#0"},
				"up": {"uv": [7.5, 5, 5, 4.75], "texture": "#0"},
				"down": {"uv": [10, 4.75, 7.5, 5], "texture": "#0"}
			}
		},
		{
			"from": [5.25, -0.5, 7.25],
			"to": [10.75, 6.5, 11.25],
			"faces": {
				"north": {"uv": [1, 4, 2.25, 5.75], "texture": "#1"},
				"east": {"uv": [0, 4, 1, 5.75], "texture": "#1"},
				"south": {"uv": [3.25, 4, 4.5, 5.75], "texture": "#1"},
				"west": {"uv": [2.25, 4, 3.25, 5.75], "texture": "#1"},
				"up": {"uv": [2.25, 4, 1, 3], "texture": "#1"},
				"down": {"uv": [3.5, 3, 2.25, 4], "texture": "#1"}
			}
		},
		{
			"from": [3.25, 3.5, 6.25],
			"to": [5.5, 8, 12.25],
			"faces": {
				"north": {"uv": [1.5, 7.5, 2, 8.5], "texture": "#1"},
				"east": {"uv": [0, 7.5, 1.5, 8.5], "texture": "#1"},
				"south": {"uv": [3.5, 7.5, 4, 8.5], "texture": "#1"},
				"west": {"uv": [2, 7.5, 3.5, 8.5], "texture": "#1"},
				"up": {"uv": [2, 7.5, 1.5, 6], "texture": "#1"},
				"down": {"uv": [2.5, 6, 2, 7.5], "texture": "#1"}
			}
		},
		{
			"from": [0.25, 1.5, 8.25],
			"to": [15.75, 4.5, 10.25],
			"faces": {
				"north": {"uv": [0.5, 2, 4.25, 2.75], "texture": "#1"},
				"east": {"uv": [0, 2, 0.5, 2.75], "texture": "#1"},
				"south": {"uv": [4.75, 2, 8.5, 2.75], "texture": "#1"},
				"west": {"uv": [4.25, 2, 4.75, 2.75], "texture": "#1"},
				"up": {"uv": [4.25, 2, 0.5, 1.5], "texture": "#1"},
				"down": {"uv": [8, 1.5, 4.25, 2], "texture": "#1"}
			}
		},
		{
			"from": [15.25, 2, 8.25],
			"to": [16.25, 4, 10.25],
			"faces": {
				"north": {"uv": [9.75, 9.5, 10, 10], "texture": "#1"},
				"east": {"uv": [9.25, 9.5, 9.75, 10], "texture": "#1"},
				"south": {"uv": [10.5, 9.5, 10.75, 10], "texture": "#1"},
				"west": {"uv": [10, 9.5, 10.5, 10], "texture": "#1"},
				"up": {"uv": [10, 9.5, 9.75, 9], "texture": "#1"},
				"down": {"uv": [10.25, 9, 10, 9.5], "texture": "#1"}
			}
		},
		{
			"from": [-0.25, 2, 8.25],
			"to": [0.75, 4, 10.25],
			"faces": {
				"north": {"uv": [9.75, 2.5, 10, 3], "texture": "#1"},
				"east": {"uv": [9.25, 2.5, 9.75, 3], "texture": "#1"},
				"south": {"uv": [10.5, 2.5, 10.75, 3], "texture": "#1"},
				"west": {"uv": [10, 2.5, 10.5, 3], "texture": "#1"},
				"up": {"uv": [10, 2.5, 9.75, 2], "texture": "#1"},
				"down": {"uv": [10.25, 2, 10, 2.5], "texture": "#1"}
			}
		},
		{
			"from": [0.25, 2, 7.75],
			"to": [15.75, 4, 10.75],
			"faces": {
				"north": {"uv": [0.75, 0.75, 4.5, 1.25], "texture": "#1"},
				"east": {"uv": [0, 0.75, 0.75, 1.25], "texture": "#1"},
				"south": {"uv": [5.25, 0.75, 9, 1.25], "texture": "#1"},
				"west": {"uv": [4.5, 0.75, 5.25, 1.25], "texture": "#1"},
				"up": {"uv": [4.5, 0.75, 0.75, 0], "texture": "#1"},
				"down": {"uv": [8.25, 0, 4.5, 0.75], "texture": "#1"}
			}
		},
		{
			"from": [3.25, 8, 7.25],
			"to": [5.5, 9, 11.25],
			"faces": {
				"north": {"uv": [9.25, 1.5, 9.75, 1.75], "texture": "#1"},
				"east": {"uv": [8.25, 1.5, 9.25, 1.75], "texture": "#1"},
				"south": {"uv": [10.75, 1.5, 11.25, 1.75], "texture": "#1"},
				"west": {"uv": [9.75, 1.5, 10.75, 1.75], "texture": "#1"},
				"up": {"uv": [9.75, 1.5, 9.25, 0.5], "texture": "#1"},
				"down": {"uv": [10.25, 0.5, 9.75, 1.5], "texture": "#1"}
			}
		},
		{
			"from": [4.25, 2.5, 7.25],
			"to": [5.25, 3.5, 11.25],
			"faces": {
				"north": {"uv": [7.5, 10, 7.75, 10.25], "texture": "#1"},
				"east": {"uv": [6.5, 10, 7.5, 10.25], "texture": "#1"},
				"south": {"uv": [8.75, 10, 9, 10.25], "texture": "#1"},
				"west": {"uv": [7.75, 10, 8.75, 10.25], "texture": "#1"},
				"up": {"uv": [7.75, 10, 7.5, 9], "texture": "#1"},
				"down": {"uv": [8, 9, 7.75, 10], "texture": "#1"}
			}
		},
		{
			"from": [10.5, 8, 7.25],
			"to": [12.75, 9, 11.25],
			"faces": {
				"north": {"uv": [8.5, 6.25, 9, 6.5], "texture": "#1"},
				"east": {"uv": [7.5, 6.25, 8.5, 6.5], "texture": "#1"},
				"south": {"uv": [10, 6.25, 10.5, 6.5], "texture": "#1"},
				"west": {"uv": [9, 6.25, 10, 6.5], "texture": "#1"},
				"up": {"uv": [9, 6.25, 8.5, 5.25], "texture": "#1"},
				"down": {"uv": [9.5, 5.25, 9, 6.25], "texture": "#1"}
			}
		},
		{
			"from": [10.5, 3.5, 6.25],
			"to": [12.75, 8, 12.25],
			"faces": {
				"north": {"uv": [4.75, 6, 5.25, 7], "texture": "#1"},
				"east": {"uv": [3.25, 6, 4.75, 7], "texture": "#1"},
				"south": {"uv": [6.75, 6, 7.25, 7], "texture": "#1"},
				"west": {"uv": [5.25, 6, 6.75, 7], "texture": "#1"},
				"up": {"uv": [5.25, 6, 4.75, 4.5], "texture": "#1"},
				"down": {"uv": [5.75, 4.5, 5.25, 6], "texture": "#1"}
			}
		},
		{
			"from": [10.75, 2.5, 7.25],
			"to": [11.75, 3.5, 11.25],
			"faces": {
				"north": {"uv": [5.25, 8.25, 5.5, 8.5], "texture": "#1"},
				"east": {"uv": [4.25, 8.25, 5.25, 8.5], "texture": "#1"},
				"south": {"uv": [6.5, 8.25, 6.75, 8.5], "texture": "#1"},
				"west": {"uv": [5.5, 8.25, 6.5, 8.5], "texture": "#1"},
				"up": {"uv": [5.5, 8.25, 5.25, 7.25], "texture": "#1"},
				"down": {"uv": [5.75, 7.25, 5.5, 8.25], "texture": "#1"}
			}
		},
		{
			"from": [5.25, 0.5, 11.25],
			"to": [10.75, 6.5, 13.25],
			"faces": {
				"north": {"uv": [7.5, 7.25, 8.75, 8.75], "texture": "#1"},
				"east": {"uv": [7, 7.25, 7.5, 8.75], "texture": "#1"},
				"south": {"uv": [9.25, 7.25, 10.5, 8.75], "texture": "#1"},
				"west": {"uv": [8.75, 7.25, 9.25, 8.75], "texture": "#1"},
				"up": {"uv": [8.75, 7.25, 7.5, 6.75], "texture": "#1"},
				"down": {"uv": [10, 6.75, 8.75, 7.25], "texture": "#1"}
			}
		},
		{
			"from": [5.25, 0.5, 5.25],
			"to": [10.75, 6.5, 7.25],
			"faces": {
				"north": {"uv": [6.5, 3.5, 7.75, 5], "texture": "#1"},
				"east": {"uv": [6, 3.5, 6.5, 5], "texture": "#1"},
				"south": {"uv": [8.25, 3.5, 9.5, 5], "texture": "#1"},
				"west": {"uv": [7.75, 3.5, 8.25, 5], "texture": "#1"},
				"up": {"uv": [7.75, 3.5, 6.5, 3], "texture": "#1"},
				"down": {"uv": [9, 3, 7.75, 3.5], "texture": "#1"}
			}
		},
		{
			"from": [5.25, 1.5, 13.25],
			"to": [10.75, 6.5, 14.25],
			"faces": {
				"north": {"uv": [3.5, 9, 4.75, 10.25], "texture": "#1"},
				"east": {"uv": [3.25, 9, 3.5, 10.25], "texture": "#1"},
				"south": {"uv": [5, 9, 6.25, 10.25], "texture": "#1"},
				"west": {"uv": [4.75, 9, 5, 10.25], "texture": "#1"},
				"up": {"uv": [4.75, 9, 3.5, 8.75], "texture": "#1"},
				"down": {"uv": [6, 8.75, 4.75, 9], "texture": "#1"}
			}
		},
		{
			"from": [5.25, 1.5, 4.25],
			"to": [10.75, 6.5, 5.25],
			"faces": {
				"north": {"uv": [0.25, 9, 1.5, 10.25], "texture": "#1"},
				"east": {"uv": [0, 9, 0.25, 10.25], "texture": "#1"},
				"south": {"uv": [1.75, 9, 3, 10.25], "texture": "#1"},
				"west": {"uv": [1.5, 9, 1.75, 10.25], "texture": "#1"},
				"up": {"uv": [1.5, 9, 0.25, 8.75], "texture": "#1"},
				"down": {"uv": [2.75, 8.75, 1.5, 9], "texture": "#1"}
			}
		},
		{
			"from": [0.5, -3, 11.25],
			"to": [2.5, -1, 13.25],
			"faces": {
				"north": {"uv": [8.5, 9.75, 9, 10.25], "texture": "#2"},
				"east": {"uv": [8, 9.75, 8.5, 10.25], "texture": "#2"},
				"south": {"uv": [9.5, 9.75, 10, 10.25], "texture": "#2"},
				"west": {"uv": [9, 9.75, 9.5, 10.25], "texture": "#2"},
				"up": {"uv": [9, 9.75, 8.5, 9.25], "texture": "#2"},
				"down": {"uv": [9.5, 9.25, 9, 9.75], "texture": "#2"}
			}
		},
		{
			"from": [0.5, -2, 13.25],
			"to": [2.5, -1, 14.25],
			"faces": {
				"north": {"uv": [7.75, 10.75, 8.25, 11], "texture": "#2"},
				"east": {"uv": [7.5, 10.75, 7.75, 11], "texture": "#2"},
				"south": {"uv": [8.5, 10.75, 9, 11], "texture": "#2"},
				"west": {"uv": [8.25, 10.75, 8.5, 11], "texture": "#2"},
				"up": {"uv": [8.25, 10.75, 7.75, 10.5], "texture": "#2"},
				"down": {"uv": [8.75, 10.5, 8.25, 10.75], "texture": "#2"}
			}
		},
		{
			"from": [0.5, -1, 13.25],
			"to": [2.5, 1, 15.25],
			"faces": {
				"north": {"uv": [2.25, 10, 2.75, 10.5], "texture": "#2"},
				"east": {"uv": [1.75, 10, 2.25, 10.5], "texture": "#2"},
				"south": {"uv": [3.25, 10, 3.75, 10.5], "texture": "#2"},
				"west": {"uv": [2.75, 10, 3.25, 10.5], "texture": "#2"},
				"up": {"uv": [2.75, 10, 2.25, 9.5], "texture": "#2"},
				"down": {"uv": [3.25, 9.5, 2.75, 10], "texture": "#2"}
			}
		},
		{
			"from": [0.5, 1, 14.25],
			"to": [2.5, 5, 16.25],
			"rotation": {"angle": 0, "axis": "x", "origin": [1, 3, 15.25]},
			"faces": {
				"north": {"uv": [2.75, 6.5, 3.25, 7.5], "texture": "#2"},
				"east": {"uv": [2.25, 6.5, 2.75, 7.5], "texture": "#2"},
				"south": {"uv": [3.75, 6.5, 4.25, 7.5], "texture": "#2"},
				"west": {"uv": [3.25, 6.5, 3.75, 7.5], "texture": "#2"},
				"up": {"uv": [3.25, 6.5, 2.75, 6], "texture": "#2"},
				"down": {"uv": [3.75, 6, 3.25, 6.5], "texture": "#2"}
			}
		},
		{
			"from": [0.5, 5, 13.25],
			"to": [2.5, 7, 15.25],
			"faces": {
				"north": {"uv": [10.25, 7.5, 10.75, 8], "texture": "#2"},
				"east": {"uv": [9.75, 7.5, 10.25, 8], "texture": "#2"},
				"south": {"uv": [11.25, 7.5, 11.75, 8], "texture": "#2"},
				"west": {"uv": [10.75, 7.5, 11.25, 8], "texture": "#2"},
				"up": {"uv": [10.75, 7.5, 10.25, 7], "texture": "#2"},
				"down": {"uv": [11.25, 7, 10.75, 7.5], "texture": "#2"}
			}
		},
		{
			"from": [0.5, 7, 13.25],
			"to": [2.5, 8, 14.25],
			"faces": {
				"north": {"uv": [11, 0.25, 11.5, 0.5], "texture": "#2"},
				"east": {"uv": [10.75, 0.25, 11, 0.5], "texture": "#2"},
				"south": {"uv": [11.75, 0.25, 12.25, 0.5], "texture": "#2"},
				"west": {"uv": [11.5, 0.25, 11.75, 0.5], "texture": "#2"},
				"up": {"uv": [11.5, 0.25, 11, 0], "texture": "#2"},
				"down": {"uv": [12, 0, 11.5, 0.25], "texture": "#2"}
			}
		},
		{
			"from": [1, 4.5, 8.75],
			"to": [2, 8, 9.75],
			"faces": {
				"north": {"uv": [0.25, 2, 0.5, 2.75], "texture": "#2"},
				"east": {"uv": [0, 2, 0.25, 2.75], "texture": "#2"},
				"south": {"uv": [0.75, 2, 1, 2.75], "texture": "#2"},
				"west": {"uv": [0.5, 2, 0.75, 2.75], "texture": "#2"},
				"up": {"uv": [0.5, 2, 0.25, 1.75], "texture": "#2"},
				"down": {"uv": [0.75, 1.75, 0.5, 2], "texture": "#2"}
			}
		},
		{
			"from": [1, 2.5, 4.25],
			"to": [2, 3.5, 7.75],
			"rotation": {"angle": 0, "axis": "x", "origin": [1.5, 6.25, 9.25]},
			"faces": {
				"north": {"uv": [9.25, 2.25, 9.5, 2.5], "texture": "#2"},
				"east": {"uv": [8.5, 2.25, 9.25, 2.5], "texture": "#2"},
				"south": {"uv": [10.25, 2.25, 10.5, 2.5], "texture": "#2"},
				"west": {"uv": [9.5, 2.25, 10.25, 2.5], "texture": "#2"},
				"up": {"uv": [9.5, 2.25, 9.25, 1.5], "texture": "#2"},
				"down": {"uv": [9.75, 1.5, 9.5, 2.25], "texture": "#2"}
			}
		},
		{
			"from": [1, 2.5, 10.75],
			"to": [2, 3.5, 14.25],
			"rotation": {"angle": 0, "axis": "x", "origin": [1.5, 6.25, 9.25]},
			"faces": {
				"north": {"uv": [0.75, 9.25, 1, 9.5], "texture": "#2"},
				"east": {"uv": [0, 9.25, 0.75, 9.5], "texture": "#2"},
				"south": {"uv": [1.75, 9.25, 2, 9.5], "texture": "#2"},
				"west": {"uv": [1, 9.25, 1.75, 9.5], "texture": "#2"},
				"up": {"uv": [1, 9.25, 0.75, 8.5], "texture": "#2"},
				"down": {"uv": [1.25, 8.5, 1, 9.25], "texture": "#2"}
			}
		},
		{
			"from": [1, 5.35, 9.25],
			"to": [2, 6.35, 14.75],
			"rotation": {"angle": -45, "axis": "x", "origin": [1.5, 5, 12.5]},
			"faces": {
				"north": {"uv": [3.25, 5.5, 3.5, 5.75], "texture": "#2"},
				"east": {"uv": [2, 5.5, 3.25, 5.75], "texture": "#2"},
				"south": {"uv": [4.75, 5.5, 5, 5.75], "texture": "#2"},
				"west": {"uv": [3.5, 5.5, 4.75, 5.75], "texture": "#2"},
				"up": {"uv": [3.5, 5.5, 3.25, 4.25], "texture": "#2"},
				"down": {"uv": [3.75, 4.25, 3.5, 5.5], "texture": "#2"}
			}
		},
		{
			"from": [1, 5.35, 2.25],
			"to": [2, 6.35, 7.75],
			"rotation": {"angle": -45, "axis": "x", "origin": [1.5, 5, 12.5]},
			"faces": {
				"north": {"uv": [1.25, 4.75, 1.5, 5], "texture": "#2"},
				"east": {"uv": [0, 4.75, 1.25, 5], "texture": "#2"},
				"south": {"uv": [2.75, 4.75, 3, 5], "texture": "#2"},
				"west": {"uv": [1.5, 4.75, 2.75, 5], "texture": "#2"},
				"up": {"uv": [1.5, 4.75, 1.25, 3.5], "texture": "#2"},
				"down": {"uv": [1.75, 3.5, 1.5, 4.75], "texture": "#2"}
			}
		},
		{
			"from": [1, -2.45226, 11.34566],
			"to": [2, 3.04774, 12.34566],
			"rotation": {"angle": -45, "axis": "x", "origin": [1.5, 0.29774, 11.59566]},
			"faces": {
				"north": {"uv": [6.5, 10.75, 6.75, 12], "texture": "#2"},
				"east": {"uv": [6.25, 10.75, 6.5, 12], "texture": "#2"},
				"south": {"uv": [7, 10.75, 7.25, 12], "texture": "#2"},
				"west": {"uv": [6.75, 10.75, 7, 12], "texture": "#2"},
				"up": {"uv": [6.75, 10.75, 6.5, 10.5], "texture": "#2"},
				"down": {"uv": [7, 10.5, 6.75, 10.75], "texture": "#2"}
			}
		},
		{
			"from": [1, 4.54774, 11.34566],
			"to": [2, 10.04774, 12.34566],
			"rotation": {"angle": -45, "axis": "x", "origin": [1.5, 0.29774, 11.59566]},
			"faces": {
				"north": {"uv": [10.25, 10.5, 10.5, 11.75], "texture": "#2"},
				"east": {"uv": [10, 10.5, 10.25, 11.75], "texture": "#2"},
				"south": {"uv": [10.75, 10.5, 11, 11.75], "texture": "#2"},
				"west": {"uv": [10.5, 10.5, 10.75, 11.75], "texture": "#2"},
				"up": {"uv": [10.5, 10.5, 10.25, 10.25], "texture": "#2"},
				"down": {"uv": [10.75, 10.25, 10.5, 10.5], "texture": "#2"}
			}
		},
		{
			"from": [1, -2, 8.75],
			"to": [2, 2, 9.75],
			"faces": {
				"north": {"uv": [10.75, 5, 11, 6], "texture": "#2"},
				"east": {"uv": [10.5, 5, 10.75, 6], "texture": "#2"},
				"south": {"uv": [11.25, 5, 11.5, 6], "texture": "#2"},
				"west": {"uv": [11, 5, 11.25, 6], "texture": "#2"},
				"up": {"uv": [11, 5, 10.75, 4.75], "texture": "#2"},
				"down": {"uv": [11.25, 4.75, 11, 5], "texture": "#2"}
			}
		},
		{
			"from": [0.5, 7, 11.25],
			"to": [2.5, 9, 13.25],
			"faces": {
				"north": {"uv": [4.5, 10.5, 5, 11], "texture": "#2"},
				"east": {"uv": [4, 10.5, 4.5, 11], "texture": "#2"},
				"south": {"uv": [5.5, 10.5, 6, 11], "texture": "#2"},
				"west": {"uv": [5, 10.5, 5.5, 11], "texture": "#2"},
				"up": {"uv": [5, 10.5, 4.5, 10], "texture": "#2"},
				"down": {"uv": [5.5, 10, 5, 10.5], "texture": "#2"}
			}
		},
		{
			"from": [0.5, 8, 7.25],
			"to": [2.5, 10, 11.25],
			"faces": {
				"north": {"uv": [5.5, 2.75, 6, 3.25], "texture": "#2"},
				"east": {"uv": [4.5, 2.75, 5.5, 3.25], "texture": "#2"},
				"south": {"uv": [7, 2.75, 7.5, 3.25], "texture": "#2"},
				"west": {"uv": [6, 2.75, 7, 3.25], "texture": "#2"},
				"up": {"uv": [6, 2.75, 5.5, 1.75], "texture": "#2"},
				"down": {"uv": [6.5, 1.75, 6, 2.75], "texture": "#2"}
			}
		},
		{
			"from": [0.5, 7, 5.25],
			"to": [2.5, 9, 7.25],
			"rotation": {"angle": 0, "axis": "x", "origin": [1, 3.5, 12.25]},
			"faces": {
				"north": {"uv": [4, 9.25, 4.5, 9.75], "texture": "#2"},
				"east": {"uv": [3.5, 9.25, 4, 9.75], "texture": "#2"},
				"south": {"uv": [5, 9.25, 5.5, 9.75], "texture": "#2"},
				"west": {"uv": [4.5, 9.25, 5, 9.75], "texture": "#2"},
				"up": {"uv": [4.5, 9.25, 4, 8.75], "texture": "#2"},
				"down": {"uv": [5, 8.75, 4.5, 9.25], "texture": "#2"}
			}
		},
		{
			"from": [0.5, 7, 4.25],
			"to": [2.5, 8, 5.25],
			"rotation": {"angle": 0, "axis": "x", "origin": [1, 3.5, 12.25]},
			"faces": {
				"north": {"uv": [9, 5, 9.5, 5.25], "texture": "#2"},
				"east": {"uv": [8.75, 5, 9, 5.25], "texture": "#2"},
				"south": {"uv": [9.75, 5, 10.25, 5.25], "texture": "#2"},
				"west": {"uv": [9.5, 5, 9.75, 5.25], "texture": "#2"},
				"up": {"uv": [9.5, 5, 9, 4.75], "texture": "#2"},
				"down": {"uv": [10, 4.75, 9.5, 5], "texture": "#2"}
			}
		},
		{
			"from": [0.5, 5, 3.25],
			"to": [2.5, 7, 5.25],
			"rotation": {"angle": 0, "axis": "x", "origin": [1, 3.5, 12.25]},
			"faces": {
				"north": {"uv": [9.25, 4, 9.75, 4.5], "texture": "#2"},
				"east": {"uv": [8.75, 4, 9.25, 4.5], "texture": "#2"},
				"south": {"uv": [10.25, 4, 10.75, 4.5], "texture": "#2"},
				"west": {"uv": [9.75, 4, 10.25, 4.5], "texture": "#2"},
				"up": {"uv": [9.75, 4, 9.25, 3.5], "texture": "#2"},
				"down": {"uv": [10.25, 3.5, 9.75, 4], "texture": "#2"}
			}
		},
		{
			"from": [0.5, 1, 2.25],
			"to": [2.5, 5, 4.25],
			"rotation": {"angle": 0, "axis": "x", "origin": [1, 3.5, 12.25]},
			"faces": {
				"north": {"uv": [5.25, 6, 5.75, 7], "texture": "#2"},
				"east": {"uv": [4.75, 6, 5.25, 7], "texture": "#2"},
				"south": {"uv": [6.25, 6, 6.75, 7], "texture": "#2"},
				"west": {"uv": [5.75, 6, 6.25, 7], "texture": "#2"},
				"up": {"uv": [5.75, 6, 5.25, 5.5], "texture": "#2"},
				"down": {"uv": [6.25, 5.5, 5.75, 6], "texture": "#2"}
			}
		},
		{
			"from": [0.5, -1, 3.25],
			"to": [2.5, 1, 5.25],
			"rotation": {"angle": 0, "axis": "x", "origin": [1, 3.5, 12.25]},
			"faces": {
				"north": {"uv": [9.25, 6.25, 9.75, 6.75], "texture": "#2"},
				"east": {"uv": [8.75, 6.25, 9.25, 6.75], "texture": "#2"},
				"south": {"uv": [10.25, 6.25, 10.75, 6.75], "texture": "#2"},
				"west": {"uv": [9.75, 6.25, 10.25, 6.75], "texture": "#2"},
				"up": {"uv": [9.75, 6.25, 9.25, 5.75], "texture": "#2"},
				"down": {"uv": [10.25, 5.75, 9.75, 6.25], "texture": "#2"}
			}
		},
		{
			"from": [0.5, -2, 4.25],
			"to": [2.5, -1, 5.25],
			"rotation": {"angle": 0, "axis": "x", "origin": [1, 3.5, 12.25]},
			"faces": {
				"north": {"uv": [10.25, 1.5, 10.75, 1.75], "texture": "#2"},
				"east": {"uv": [10, 1.5, 10.25, 1.75], "texture": "#2"},
				"south": {"uv": [11, 1.5, 11.5, 1.75], "texture": "#2"},
				"west": {"uv": [10.75, 1.5, 11, 1.75], "texture": "#2"},
				"up": {"uv": [10.75, 1.5, 10.25, 1.25], "texture": "#2"},
				"down": {"uv": [11.25, 1.25, 10.75, 1.5], "texture": "#2"}
			}
		},
		{
			"from": [0.5, -3, 5.25],
			"to": [2.5, -1, 7.25],
			"rotation": {"angle": 0, "axis": "x", "origin": [1, 3.5, 12.25]},
			"faces": {
				"north": {"uv": [6.25, 9.75, 6.75, 10.25], "texture": "#2"},
				"east": {"uv": [5.75, 9.75, 6.25, 10.25], "texture": "#2"},
				"south": {"uv": [7.25, 9.75, 7.75, 10.25], "texture": "#2"},
				"west": {"uv": [6.75, 9.75, 7.25, 10.25], "texture": "#2"},
				"up": {"uv": [6.75, 9.75, 6.25, 9.25], "texture": "#2"},
				"down": {"uv": [7.25, 9.25, 6.75, 9.75], "texture": "#2"}
			}
		},
		{
			"from": [0.5, -4, 7.25],
			"to": [2.5, -2, 11.25],
			"rotation": {"angle": 0, "axis": "x", "origin": [1, 3.5, 12.25]},
			"faces": {
				"north": {"uv": [5.5, 1, 6, 1.5], "texture": "#2"},
				"east": {"uv": [4.5, 1, 5.5, 1.5], "texture": "#2"},
				"south": {"uv": [7, 1, 7.5, 1.5], "texture": "#2"},
				"west": {"uv": [6, 1, 7, 1.5], "texture": "#2"},
				"up": {"uv": [6, 1, 5.5, 0], "texture": "#2"},
				"down": {"uv": [6.5, 0, 6, 1], "texture": "#2"}
			}
		},
		{
			"from": [13.5, -3, 11.25],
			"to": [15.5, -1, 13.25],
			"rotation": {"angle": 0, "axis": "y", "origin": [13, 0, 0]},
			"faces": {
				"north": {"uv": [7, 7.25, 7.5, 7.75], "texture": "#2"},
				"east": {"uv": [6.5, 7.25, 7, 7.75], "texture": "#2"},
				"south": {"uv": [8, 7.25, 8.5, 7.75], "texture": "#2"},
				"west": {"uv": [7.5, 7.25, 8, 7.75], "texture": "#2"},
				"up": {"uv": [7.5, 7.25, 7, 6.75], "texture": "#2"},
				"down": {"uv": [8, 6.75, 7.5, 7.25], "texture": "#2"}
			}
		},
		{
			"from": [13.5, -2, 13.25],
			"to": [15.5, -1, 14.25],
			"rotation": {"angle": 0, "axis": "y", "origin": [13, 0, 0]},
			"faces": {
				"north": {"uv": [2.25, 0.25, 2.75, 0.5], "texture": "#2"},
				"east": {"uv": [2, 0.25, 2.25, 0.5], "texture": "#2"},
				"south": {"uv": [3, 0.25, 3.5, 0.5], "texture": "#2"},
				"west": {"uv": [2.75, 0.25, 3, 0.5], "texture": "#2"},
				"up": {"uv": [2.75, 0.25, 2.25, 0], "texture": "#2"},
				"down": {"uv": [3.25, 0, 2.75, 0.25], "texture": "#2"}
			}
		},
		{
			"from": [13.5, -1, 13.25],
			"to": [15.5, 1, 15.25],
			"rotation": {"angle": 0, "axis": "y", "origin": [13, 0, 0]},
			"faces": {
				"north": {"uv": [7.5, 5.5, 8, 6], "texture": "#2"},
				"east": {"uv": [7, 5.5, 7.5, 6], "texture": "#2"},
				"south": {"uv": [8.5, 5.5, 9, 6], "texture": "#2"},
				"west": {"uv": [8, 5.5, 8.5, 6], "texture": "#2"},
				"up": {"uv": [8, 5.5, 7.5, 5], "texture": "#2"},
				"down": {"uv": [8.5, 5, 8, 5.5], "texture": "#2"}
			}
		},
		{
			"from": [13.5, 1, 14.25],
			"to": [15.5, 5, 16.25],
			"rotation": {"angle": 0, "axis": "x", "origin": [14, 3, 15.25]},
			"faces": {
				"north": {"uv": [5.5, 4.25, 6, 5.25], "texture": "#2"},
				"east": {"uv": [5, 4.25, 5.5, 5.25], "texture": "#2"},
				"south": {"uv": [6.5, 4.25, 7, 5.25], "texture": "#2"},
				"west": {"uv": [6, 4.25, 6.5, 5.25], "texture": "#2"},
				"up": {"uv": [6, 4.25, 5.5, 3.75], "texture": "#2"},
				"down": {"uv": [6.5, 3.75, 6, 4.25], "texture": "#2"}
			}
		},
		{
			"from": [13.5, 5, 13.25],
			"to": [15.5, 7, 15.25],
			"rotation": {"angle": 0, "axis": "y", "origin": [13, 0, 0]},
			"faces": {
				"north": {"uv": [0.5, 7.75, 1, 8.25], "texture": "#2"},
				"east": {"uv": [0, 7.75, 0.5, 8.25], "texture": "#2"},
				"south": {"uv": [1.5, 7.75, 2, 8.25], "texture": "#2"},
				"west": {"uv": [1, 7.75, 1.5, 8.25], "texture": "#2"},
				"up": {"uv": [1, 7.75, 0.5, 7.25], "texture": "#2"},
				"down": {"uv": [1.5, 7.25, 1, 7.75], "texture": "#2"}
			}
		},
		{
			"from": [13.5, 7, 13.25],
			"to": [15.5, 8, 14.25],
			"rotation": {"angle": 0, "axis": "y", "origin": [13, 0, 0]},
			"faces": {
				"north": {"uv": [4, 0.25, 4.5, 0.5], "texture": "#2"},
				"east": {"uv": [3.75, 0.25, 4, 0.5], "texture": "#2"},
				"south": {"uv": [4.75, 0.25, 5.25, 0.5], "texture": "#2"},
				"west": {"uv": [4.5, 0.25, 4.75, 0.5], "texture": "#2"},
				"up": {"uv": [4.5, 0.25, 4, 0], "texture": "#2"},
				"down": {"uv": [5, 0, 4.5, 0.25], "texture": "#2"}
			}
		},
		{
			"from": [14, 4.5, 8.75],
			"to": [15, 8, 9.75],
			"rotation": {"angle": 0, "axis": "y", "origin": [13, 0, 0]},
			"faces": {
				"north": {"uv": [0.25, 0.25, 0.5, 1], "texture": "#2"},
				"east": {"uv": [0, 0.25, 0.25, 1], "texture": "#2"},
				"south": {"uv": [0.75, 0.25, 1, 1], "texture": "#2"},
				"west": {"uv": [0.5, 0.25, 0.75, 1], "texture": "#2"},
				"up": {"uv": [0.5, 0.25, 0.25, 0], "texture": "#2"},
				"down": {"uv": [0.75, 0, 0.5, 0.25], "texture": "#2"}
			}
		},
		{
			"from": [14, 2.5, 4.25],
			"to": [15, 3.5, 7.75],
			"rotation": {"angle": 0, "axis": "x", "origin": [14.5, 6.25, 9.25]},
			"faces": {
				"north": {"uv": [7.75, 1.75, 8, 2], "texture": "#2"},
				"east": {"uv": [7, 1.75, 7.75, 2], "texture": "#2"},
				"south": {"uv": [8.75, 1.75, 9, 2], "texture": "#2"},
				"west": {"uv": [8, 1.75, 8.75, 2], "texture": "#2"},
				"up": {"uv": [8, 1.75, 7.75, 1], "texture": "#2"},
				"down": {"uv": [8.25, 1, 8, 1.75], "texture": "#2"}
			}
		},
		{
			"from": [14, 2.5, 10.75],
			"to": [15, 3.5, 14.25],
			"rotation": {"angle": 0, "axis": "x", "origin": [14.5, 6.25, 9.25]},
			"faces": {
				"north": {"uv": [7.75, 3.5, 8, 3.75], "texture": "#2"},
				"east": {"uv": [7, 3.5, 7.75, 3.75], "texture": "#2"},
				"south": {"uv": [8.75, 3.5, 9, 3.75], "texture": "#2"},
				"west": {"uv": [8, 3.5, 8.75, 3.75], "texture": "#2"},
				"up": {"uv": [8, 3.5, 7.75, 2.75], "texture": "#2"},
				"down": {"uv": [8.25, 2.75, 8, 3.5], "texture": "#2"}
			}
		},
		{
			"from": [14, 5.35, 9.25],
			"to": [15, 6.35, 14.75],
			"rotation": {"angle": -45, "axis": "x", "origin": [14.5, 5, 12.5]},
			"faces": {
				"north": {"uv": [1.25, 1.25, 1.5, 1.5], "texture": "#2"},
				"east": {"uv": [0, 1.25, 1.25, 1.5], "texture": "#2"},
				"south": {"uv": [2.75, 1.25, 3, 1.5], "texture": "#2"},
				"west": {"uv": [1.5, 1.25, 2.75, 1.5], "texture": "#2"},
				"up": {"uv": [1.5, 1.25, 1.25, 0], "texture": "#2"},
				"down": {"uv": [1.75, 0, 1.5, 1.25], "texture": "#2"}
			}
		},
		{
			"from": [14, 5.35, 2.25],
			"to": [15, 6.35, 7.75],
			"rotation": {"angle": -45, "axis": "x", "origin": [14.5, 5, 12.5]},
			"faces": {
				"north": {"uv": [1.25, 3, 1.5, 3.25], "texture": "#2"},
				"east": {"uv": [0, 3, 1.25, 3.25], "texture": "#2"},
				"south": {"uv": [2.75, 3, 3, 3.25], "texture": "#2"},
				"west": {"uv": [1.5, 3, 2.75, 3.25], "texture": "#2"},
				"up": {"uv": [1.5, 3, 1.25, 1.75], "texture": "#2"},
				"down": {"uv": [1.75, 1.75, 1.5, 3], "texture": "#2"}
			}
		},
		{
			"from": [14, -2.45226, 11.34566],
			"to": [15, 3.04774, 12.34566],
			"rotation": {"angle": -45, "axis": "x", "origin": [14.5, 0.29774, 11.59566]},
			"faces": {
				"north": {"uv": [0.25, 10, 0.5, 11.25], "texture": "#2"},
				"east": {"uv": [0, 10, 0.25, 11.25], "texture": "#2"},
				"south": {"uv": [0.75, 10, 1, 11.25], "texture": "#2"},
				"west": {"uv": [0.5, 10, 0.75, 11.25], "texture": "#2"},
				"up": {"uv": [0.5, 10, 0.25, 9.75], "texture": "#2"},
				"down": {"uv": [0.75, 9.75, 0.5, 10], "texture": "#2"}
			}
		},
		{
			"from": [14, 4.54774, 11.34566],
			"to": [15, 10.04774, 12.34566],
			"rotation": {"angle": -45, "axis": "x", "origin": [14.5, 0.29774, 11.59566]},
			"faces": {
				"north": {"uv": [10.5, 8.5, 10.75, 9.75], "texture": "#2"},
				"east": {"uv": [10.25, 8.5, 10.5, 9.75], "texture": "#2"},
				"south": {"uv": [11, 8.5, 11.25, 9.75], "texture": "#2"},
				"west": {"uv": [10.75, 8.5, 11, 9.75], "texture": "#2"},
				"up": {"uv": [10.75, 8.5, 10.5, 8.25], "texture": "#2"},
				"down": {"uv": [11, 8.25, 10.75, 8.5], "texture": "#2"}
			}
		},
		{
			"from": [14, -2, 8.75],
			"to": [15, 2, 9.75],
			"rotation": {"angle": 0, "axis": "y", "origin": [13, 0, 0]},
			"faces": {
				"north": {"uv": [10.75, 2.75, 11, 3.75], "texture": "#2"},
				"east": {"uv": [10.5, 2.75, 10.75, 3.75], "texture": "#2"},
				"south": {"uv": [11.25, 2.75, 11.5, 3.75], "texture": "#2"},
				"west": {"uv": [11, 2.75, 11.25, 3.75], "texture": "#2"},
				"up": {"uv": [11, 2.75, 10.75, 2.5], "texture": "#2"},
				"down": {"uv": [11.25, 2.5, 11, 2.75], "texture": "#2"}
			}
		},
		{
			"from": [13.5, 7, 11.25],
			"to": [15.5, 9, 13.25],
			"rotation": {"angle": 0, "axis": "y", "origin": [13, 0, 0]},
			"faces": {
				"north": {"uv": [4.5, 7.75, 5, 8.25], "texture": "#2"},
				"east": {"uv": [4, 7.75, 4.5, 8.25], "texture": "#2"},
				"south": {"uv": [5.5, 7.75, 6, 8.25], "texture": "#2"},
				"west": {"uv": [5, 7.75, 5.5, 8.25], "texture": "#2"},
				"up": {"uv": [5, 7.75, 4.5, 7.25], "texture": "#2"},
				"down": {"uv": [5.5, 7.25, 5, 7.75], "texture": "#2"}
			}
		},
		{
			"from": [13.5, 8, 7.25],
			"to": [15.5, 10, 11.25],
			"rotation": {"angle": 0, "axis": "y", "origin": [13, 0, 0]},
			"faces": {
				"north": {"uv": [3.25, 1.75, 3.75, 2.25], "texture": "#2"},
				"east": {"uv": [2.25, 1.75, 3.25, 2.25], "texture": "#2"},
				"south": {"uv": [4.75, 1.75, 5.25, 2.25], "texture": "#2"},
				"west": {"uv": [3.75, 1.75, 4.75, 2.25], "texture": "#2"},
				"up": {"uv": [3.75, 1.75, 3.25, 0.75], "texture": "#2"},
				"down": {"uv": [4.25, 0.75, 3.75, 1.75], "texture": "#2"}
			}
		},
		{
			"from": [13.5, 7, 5.25],
			"to": [15.5, 9, 7.25],
			"rotation": {"angle": 0, "axis": "x", "origin": [14, 3.5, 12.25]},
			"faces": {
				"north": {"uv": [2.25, 8.5, 2.75, 9], "texture": "#2"},
				"east": {"uv": [1.75, 8.5, 2.25, 9], "texture": "#2"},
				"south": {"uv": [3.25, 8.5, 3.75, 9], "texture": "#2"},
				"west": {"uv": [2.75, 8.5, 3.25, 9], "texture": "#2"},
				"up": {"uv": [2.75, 8.5, 2.25, 8], "texture": "#2"},
				"down": {"uv": [3.25, 8, 2.75, 8.5], "texture": "#2"}
			}
		},
		{
			"from": [13.5, 7, 4.25],
			"to": [15.5, 8, 5.25],
			"rotation": {"angle": 0, "axis": "x", "origin": [14, 3.5, 12.25]},
			"faces": {
				"north": {"uv": [7, 0.25, 7.5, 0.5], "texture": "#2"},
				"east": {"uv": [6.75, 0.25, 7, 0.5], "texture": "#2"},
				"south": {"uv": [7.75, 0.25, 8.25, 0.5], "texture": "#2"},
				"west": {"uv": [7.5, 0.25, 7.75, 0.5], "texture": "#2"},
				"up": {"uv": [7.5, 0.25, 7, 0], "texture": "#2"},
				"down": {"uv": [8, 0, 7.5, 0.25], "texture": "#2"}
			}
		},
		{
			"from": [13.5, 5, 3.25],
			"to": [15.5, 7, 5.25],
			"rotation": {"angle": 0, "axis": "x", "origin": [14, 3.5, 12.25]},
			"faces": {
				"north": {"uv": [6.25, 8.5, 6.75, 9], "texture": "#2"},
				"east": {"uv": [5.75, 8.5, 6.25, 9], "texture": "#2"},
				"south": {"uv": [7.25, 8.5, 7.75, 9], "texture": "#2"},
				"west": {"uv": [6.75, 8.5, 7.25, 9], "texture": "#2"},
				"up": {"uv": [6.75, 8.5, 6.25, 8], "texture": "#2"},
				"down": {"uv": [7.25, 8, 6.75, 8.5], "texture": "#2"}
			}
		},
		{
			"from": [13.5, 1, 2.25],
			"to": [15.5, 5, 4.25],
			"rotation": {"angle": 0, "axis": "x", "origin": [14, 3.5, 12.25]},
			"faces": {
				"north": {"uv": [0.5, 6, 1, 7], "texture": "#2"},
				"east": {"uv": [0, 6, 0.5, 7], "texture": "#2"},
				"south": {"uv": [1.5, 6, 2, 7], "texture": "#2"},
				"west": {"uv": [1, 6, 1.5, 7], "texture": "#2"},
				"up": {"uv": [1, 6, 0.5, 5.5], "texture": "#2"},
				"down": {"uv": [1.5, 5.5, 1, 6], "texture": "#2"}
			}
		},
		{
			"from": [13.5, -1, 3.25],
			"to": [15.5, 1, 5.25],
			"rotation": {"angle": 0, "axis": "x", "origin": [14, 3.5, 12.25]},
			"faces": {
				"north": {"uv": [8.5, 8.5, 9, 9], "texture": "#2"},
				"east": {"uv": [8, 8.5, 8.5, 9], "texture": "#2"},
				"south": {"uv": [9.5, 8.5, 10, 9], "texture": "#2"},
				"west": {"uv": [9, 8.5, 9.5, 9], "texture": "#2"},
				"up": {"uv": [9, 8.5, 8.5, 8], "texture": "#2"},
				"down": {"uv": [9.5, 8, 9, 8.5], "texture": "#2"}
			}
		},
		{
			"from": [13.5, -2, 4.25],
			"to": [15.5, -1, 5.25],
			"rotation": {"angle": 0, "axis": "x", "origin": [14, 3.5, 12.25]},
			"faces": {
				"north": {"uv": [8.75, 3, 9.25, 3.25], "texture": "#2"},
				"east": {"uv": [8.5, 3, 8.75, 3.25], "texture": "#2"},
				"south": {"uv": [9.5, 3, 10, 3.25], "texture": "#2"},
				"west": {"uv": [9.25, 3, 9.5, 3.25], "texture": "#2"},
				"up": {"uv": [9.25, 3, 8.75, 2.75], "texture": "#2"},
				"down": {"uv": [9.75, 2.75, 9.25, 3], "texture": "#2"}
			}
		},
		{
			"from": [13.5, -3, 5.25],
			"to": [15.5, -1, 7.25],
			"rotation": {"angle": 0, "axis": "x", "origin": [14, 3.5, 12.25]},
			"faces": {
				"north": {"uv": [9, 0.5, 9.5, 1], "texture": "#2"},
				"east": {"uv": [8.5, 0.5, 9, 1], "texture": "#2"},
				"south": {"uv": [10, 0.5, 10.5, 1], "texture": "#2"},
				"west": {"uv": [9.5, 0.5, 10, 1], "texture": "#2"},
				"up": {"uv": [9.5, 0.5, 9, 0], "texture": "#2"},
				"down": {"uv": [10, 0, 9.5, 0.5], "texture": "#2"}
			}
		},
		{
			"from": [13.5, -4, 7.25],
			"to": [15.5, -2, 11.25],
			"rotation": {"angle": 0, "axis": "x", "origin": [14, 3.5, 12.25]},
			"faces": {
				"north": {"uv": [3.25, 3.5, 3.75, 4], "texture": "#2"},
				"east": {"uv": [2.25, 3.5, 3.25, 4], "texture": "#2"},
				"south": {"uv": [4.75, 3.5, 5.25, 4], "texture": "#2"},
				"west": {"uv": [3.75, 3.5, 4.75, 4], "texture": "#2"},
				"up": {"uv": [3.75, 3.5, 3.25, 2.5], "texture": "#2"},
				"down": {"uv": [4.25, 2.5, 3.75, 3.5], "texture": "#2"}
			}
		}
	],
	"display": {
		"gui": {
			"rotation": [45, 55, -28],
			"translation": [2, -4.5, 0],
			"scale": [0.5, 0.5, 0.5]
		},
		"head": {
			"translation": [0, -0.5, -3],
			"scale": [2.6, 2.6, 2.6]
		}
	},
	"groups": [
		{
			"name": "cannon",
			"origin": [0, 0, 0],
			"color": 0,
			"children": [0, 1, 2, 3, 4, 5, 6, 7, 8, 9, 10, 11, 12, 13, 14, 15]
		},
		{
			"name": "carriage",
			"origin": [0, 0, 0],
			"color": 0,
			"children": [16, 17, 18, 19, 20, 21, 22, 23, 24, 25, 26, 27, 28, 29, 30]
		},
		{
			"name": "Wheel",
			"origin": [8, 8, 8],
			"color": 0,
			"children": [
				31,
				32,
				33,
				34,
				35,
				36,
				37,
				38,
				39,
				40,
				41,
				42,
				43,
				44,
				45,
				46,
				47,
				48,
				49,
				50,
				51,
				52,
				53,
				54,
				55,
				56,
				57,
				58,
				59,
				60,
				61,
				62,
				63,
				64,
				65,
				66,
				67,
				68,
				69,
				70,
				71,
				72,
				73,
				74,
				75,
				76,
				77,
				78
			]
		}
	]
}