{
  "parent": "block/carved_pumpkin",
    "overrides":[
        {"predicate":{"custom_model_data":122}, "model": "crunch:trebuchet"},
        {"predicate":{"custom_model_data":123}, "model": "crunch:trebuchet1"},
        {"predicate":{"custom_model_data":124}, "model": "crunch:trebuchet2"},
        {"predicate":{"custom_model_data":125}, "model": "crunch:trebuchet3"},
        {"predicate":{"custom_model_data":126}, "model": "crunch:trebuchet4"},
        {"predicate":{"custom_model_data":127}, "model": "crunch:trebuchet5"},
        {"predicate":{"custom_model_data":128}, "model": "crunch:trebuchet6"},
        {"predicate":{"custom_model_data":129}, "model": "crunch:trebuchet7"},
        {"predicate":{"custom_model_data":130}, "model": "crunch:trebuchet8"},
        {"predicate":{"custom_model_data":131}, "model": "crunch:trebuchet9"},
        {"predicate":{"custom_model_data":132}, "model": "crunch:trebuchet10"},
        {"predicate":{"custom_model_data":133}, "model": "crunch:trebuchet11"},
        {"predicate":{"custom_model_data":134}, "model": "crunch:trebuchet12"},
        {"predicate":{"custom_model_data":135}, "model": "crunch:trebuchet13"},
        {"predicate":{"custom_model_data":136}, "model": "crunch:trebuchet14"},
        {"predicate":{"custom_model_data":137}, "model": "crunch:trebuchet15"},
        {"predicate":{"custom_model_data":138}, "model": "crunch:trebuchet16"},
        {"predicate":{"custom_model_data":139}, "model": "crunch:trebuchet17"},
        {"predicate":{"custom_model_data":140}, "model": "crunch:trebuchet18"},
	    {"predicate":{"custom_model_data":141}, "model": "crunch:cannon"},
		{"predicate":{"custom_model_data":142}, "model": "crunch:navalcannon"},
		{"predicate":{"custom_model_data":143}, "model": "torrent:ballista_3"},
		{"predicate":{"custom_model_data":144}, "model": "torrent:ballista_2"},
		{"predicate":{"custom_model_data":145}, "model": "torrent:ballista_1"},
		{"predicate":{"custom_model_data":146}, "model": "torrent:mortar-barrel_1"},
		{"predicate":{"custom_model_data":147}, "model": "torrent:mortar-base_1"},
		{"predicate":{"custom_model_data":148}, "model": "torrent:cannon-barrel_1"},
		{"predicate":{"custom_model_data":149}, "model": "torrent:cannon-base_1"}
    ]

}